<?xml version="1.0" encoding="UTF-8" standalone="yes"?><Batch><BatchInstanceIdentifier>BI149</BatchInstanceIdentifier><BatchClassIdentifier>BC21</BatchClassIdentifier><BatchClassName>Test_Classification47</BatchClassName><BatchClassDescription>Test_Classification47</BatchClassDescription><BatchClassVersion>1.0.0.7</BatchClassVersion><BatchName>BC21_nmishra_2019-09-12_07-57-40</BatchName><BatchDescription>BC21_nmishra_2019-09-12_07-57-40</BatchDescription><BatchPriority>10</BatchPriority><BatchStatus>RUNNING</BatchStatus><BatchReviewedBy>SYSTEM</BatchReviewedBy><BatchValidatedBy>SYSTEM</BatchValidatedBy><BatchCreationDate>2019-09-12 07:58:42.017</BatchCreationDate><BatchLocalPath>\\PPIDXNAS02.MRN3.COM\PPIDX_System\SharedFolders\ephesoft-system-folder</BatchLocalPath><BatchSource>Upload Batch</BatchSource><UNCFolderPath>\\ppidxnas01.mrn3.com\PPIDX_Share\Drop_Folders\Test_Classification47\BC21_nmishra_2019-09-12_07-57-40</UNCFolderPath><ETextMode>Never</ETextMode><Documents><Document><Identifier>DOC0</Identifier><Type>Unknown</Type><Description>Unknown</Description><Confidence>0.0</Confidence><ReviewedBy>SYSTEM</ReviewedBy><ValidatedBy>SYSTEM</ValidatedBy><ErrorMessage></ErrorMessage><DocumentDisplayInfo></DocumentDisplayInfo><Pages><Page><Identifier>PG0</Identifier><OldFileName>1003 1-0001-0001.tif</OldFileName><NewFileName>BI149_0.tif</NewFileName><SourceFileID>1</SourceFileID><Direction>NORTH</Direction><IsRotated>false</IsRotated></Page><Page><Identifier>PG1</Identifier><OldFileName>1003 1-0002-0001.tif</OldFileName><NewFileName>BI149_1.tif</NewFileName><SourceFileID>1</SourceFileID><Direction>NORTH</Direction><IsRotated>false</IsRotated></Page><Page><Identifier>PG2</Identifier><OldFileName>1003 1-0003-0001.tif</OldFileName><NewFileName>BI149_2.tif</NewFileName><SourceFileID>1</SourceFileID><Direction>NORTH</Direction><IsRotated>false</IsRotated></Page><Page><Identifier>PG3</Identifier><OldFileName>1003 1-0004-0001.tif</OldFileName><NewFileName>BI149_3.tif</NewFileName><SourceFileID>1</SourceFileID><Direction>NORTH</Direction><IsRotated>false</IsRotated></Page><Page><Identifier>PG4</Identifier><OldFileName>1003 1-0005-0001.tif</OldFileName><NewFileName>BI149_4.tif</NewFileName><SourceFileID>1</SourceFileID><Direction>NORTH</Direction><IsRotated>false</IsRotated></Page><Page><Identifier>PG5</Identifier><OldFileName>1003 1-0006-0001.tif</OldFileName><NewFileName>BI149_5.tif</NewFileName><SourceFileID>1</SourceFileID><Direction>NORTH</Direction><IsRotated>false</IsRotated></Page><Page><Identifier>PG6</Identifier><OldFileName>1003 1-0007-0001.tif</OldFileName><NewFileName>BI149_6.tif</NewFileName><SourceFileID>1</SourceFileID><Direction>NORTH</Direction><IsRotated>false</IsRotated></Page><Page><Identifier>PG7</Identifier><OldFileName>1003 1-0008-0001.tif</OldFileName><NewFileName>BI149_7.tif</NewFileName><SourceFileID>1</SourceFileID><Direction>NORTH</Direction><IsRotated>false</IsRotated></Page><Page><Identifier>PG8</Identifier><OldFileName>1003 1-0009-0001.tif</OldFileName><NewFileName>BI149_8.tif</NewFileName><SourceFileID>1</SourceFileID><Direction>NORTH</Direction><IsRotated>false</IsRotated></Page><Page><Identifier>PG9</Identifier><OldFileName>1003 1-0010-0001.tif</OldFileName><NewFileName>BI149_9.tif</NewFileName><SourceFileID>1</SourceFileID><Direction>NORTH</Direction><IsRotated>false</IsRotated></Page><Page><Identifier>PG10</Identifier><OldFileName>1003 1-0011-0001.tif</OldFileName><NewFileName>BI149_10.tif</NewFileName><SourceFileID>1</SourceFileID><Direction>NORTH</Direction><IsRotated>false</IsRotated></Page><Page><Identifier>PG11</Identifier><OldFileName>1003 1-0012-0001.tif</OldFileName><NewFileName>BI149_11.tif</NewFileName><SourceFileID>1</SourceFileID><Direction>NORTH</Direction><IsRotated>false</IsRotated></Page><Page><Identifier>PG12</Identifier><OldFileName>1003 1-0013-0001.tif</OldFileName><NewFileName>BI149_12.tif</NewFileName><SourceFileID>1</SourceFileID><Direction>NORTH</Direction><IsRotated>false</IsRotated></Page><Page><Identifier>PG13</Identifier><OldFileName>1003 1-0014-0001.tif</OldFileName><NewFileName>BI149_13.tif</NewFileName><SourceFileID>1</SourceFileID><Direction>NORTH</Direction><IsRotated>false</IsRotated></Page><Page><Identifier>PG14</Identifier><OldFileName>1003 1-0015-0001.tif</OldFileName><NewFileName>BI149_14.tif</NewFileName><SourceFileID>1</SourceFileID><Direction>NORTH</Direction><IsRotated>false</IsRotated></Page></Pages></Document></Documents><BatchLevelFields><BatchLevelField><Name>JobID</Name><Value>3</Value><Type>STRING</Type></BatchLevelField><BatchLevelField><Name>LoanNum</Name><Value>3</Value><Type>STRING</Type></BatchLevelField><BatchLevelField><Name>Priority</Name><Value>3</Value><Type>STRING</Type></BatchLevelField><BatchLevelField><Name>Timestamp</Name><Value>3</Value><Type>STRING</Type></BatchLevelField><BatchLevelField><Name>OriginalImageID</Name><Value>3</Value><Type>STRING</Type></BatchLevelField></BatchLevelFields><SourceFiles><SourceFile><Id>1</Id><SourceFileName>1003 1.pdf</SourceFileName><SourceFileSize>771.22 KB</SourceFileSize></SourceFile></SourceFiles></Batch>