<?xml version="1.0" encoding="utf-8"?>
<HocrPages xmlns:xsi="http://www.w3.org/2001/XMLSchema-instance" xmlns:xsd="http://www.w3.org/2001/XMLSchema">
  <Signature>ephesoftd0eeca1b90383f7a7bc71ad340b8f0671301ff77</Signature>
  <HocrPage>
    <PageID>PG21</PageID>
    <Title>OCR Output</Title>
    <Orientation>0</Orientation>
    <DeskewAngle>0</DeskewAngle>
    <LanguageCode>en</LanguageCode>
    <Corners>
      <Corner>
        <X>0</X>
        <Y>0</Y>
      </Corner>
      <Corner>
        <X>2709</X>
        <Y>0</Y>
      </Corner>
      <Corner>
        <X>2709</X>
        <Y>3834</Y>
      </Corner>
      <Corner>
        <X>0</X>
        <Y>3834</Y>
      </Corner>
    </Corners>
    <Spans>
      <Span>
        <Value>Docu</Value>
        <Coordinates>
          <x0>225</x0>
          <y0>574</y0>
          <x1>291</x1>
          <y1>596</y1>
        </Coordinates>
        <OcrConfidence>21</OcrConfidence>
      </Span>
      <Span>
        <Value>Sign</Value>
        <Coordinates>
          <x0>297</x0>
          <y0>573</y0>
          <x1>354</x1>
          <y1>601</y1>
        </Coordinates>
        <OcrConfidence>21</OcrConfidence>
      </Span>
      <Span>
        <Value>Envelope</Value>
        <Coordinates>
          <x0>368</x0>
          <y0>574</y0>
          <x1>494</x1>
          <y1>602</y1>
        </Coordinates>
        <OcrConfidence>21</OcrConfidence>
      </Span>
      <Span>
        <Value>ID:</Value>
        <Coordinates>
          <x0>506</x0>
          <y0>574</y0>
          <x1>542</x1>
          <y1>597</y1>
        </Coordinates>
        <OcrConfidence>21</OcrConfidence>
      </Span>
      <Span>
        <Value>0766917D-C407-4540-8EAG-A2707FC80777</Value>
        <Coordinates>
          <x0>553</x0>
          <y0>573</y0>
          <x1>1182</x1>
          <y1>597</y1>
        </Coordinates>
        <OcrConfidence>21</OcrConfidence>
      </Span>
      <Span>
        <Value>2865386-5844-0-2-143</Value>
        <Coordinates>
          <x0>1210</x0>
          <y0>2222</y0>
          <x1>1481</x1>
          <y1>2241</y1>
        </Coordinates>
        <OcrConfidence>88</OcrConfidence>
      </Span>
      <Span>
        <Value>IRS</Value>
        <Coordinates>
          <x0>944</x0>
          <y0>2254</y0>
          <x1>1038</x1>
          <y1>2301</y1>
        </Coordinates>
        <OcrConfidence>89</OcrConfidence>
      </Span>
      <Span>
        <Value>Form</Value>
        <Coordinates>
          <x0>1064</x0>
          <y0>2255</y0>
          <x1>1200</x1>
          <y1>2301</y1>
        </Coordinates>
        <OcrConfidence>89</OcrConfidence>
      </Span>
      <Span>
        <Value>4506-T</Value>
        <Coordinates>
          <x0>1223</x0>
          <y0>2255</y0>
          <x1>1418</x1>
          <y1>2301</y1>
        </Coordinates>
        <OcrConfidence>89</OcrConfidence>
      </Span>
      <Span>
        <Value>Request</Value>
        <Coordinates>
          <x0>1442</x0>
          <y0>2255</y0>
          <x1>1667</x1>
          <y1>2313</y1>
        </Coordinates>
        <OcrConfidence>89</OcrConfidence>
      </Span>
      <Span>
        <Value>for</Value>
        <Coordinates>
          <x0>1686</x0>
          <y0>2255</y0>
          <x1>1756</x1>
          <y1>2301</y1>
        </Coordinates>
        <OcrConfidence>89</OcrConfidence>
      </Span>
      <Span>
        <Value>Transcript-Origination</Value>
        <Coordinates>
          <x0>1049</x0>
          <y0>2324</y0>
          <x1>1640</x1>
          <y1>2382</y1>
        </Coordinates>
        <OcrConfidence>89</OcrConfidence>
      </Span>
      <Span>
        <Value>Form</Value>
        <Coordinates>
          <x0>1075</x0>
          <y0>2396</y0>
          <x1>1209</x1>
          <y1>2441</y1>
        </Coordinates>
        <OcrConfidence>100</OcrConfidence>
      </Span>
      <Span>
        <Value>Number:</Value>
        <Coordinates>
          <x0>1236</x0>
          <y0>2396</y0>
          <x1>1466</x1>
          <y1>2442</y1>
        </Coordinates>
        <OcrConfidence>100</OcrConfidence>
      </Span>
      <Span>
        <Value>5844</Value>
        <Coordinates>
          <x0>1490</x0>
          <y0>2397</y0>
          <x1>1622</x1>
          <y1>2441</y1>
        </Coordinates>
        <OcrConfidence>100</OcrConfidence>
      </Span>
    </Spans>
    <Barcodes />
    <HocrContent>Docu Sign Envelope ID: 0766917D-C407-4540-8EAG-A2707FC80777 2865386-5844-0-2-143 IRS Form 4506-T Request for Transcript-Origination Form Number: 5844 </HocrContent>
  </HocrPage>
</HocrPages>