<?xml version="1.0" encoding="utf-8"?>
<HocrPages xmlns:xsi="http://www.w3.org/2001/XMLSchema-instance" xmlns:xsd="http://www.w3.org/2001/XMLSchema">
  <Signature>ephesofta09d73c13f4dcfec051d454f94a3fcb096fce72a</Signature>
  <HocrPage>
    <PageID>PG9</PageID>
    <Title>OCR Output</Title>
    <Orientation>0</Orientation>
    <DeskewAngle>0</DeskewAngle>
    <LanguageCode>en</LanguageCode>
    <Corners>
      <Corner>
        <X>0</X>
        <Y>0</Y>
      </Corner>
      <Corner>
        <X>2717</X>
        <Y>0</Y>
      </Corner>
      <Corner>
        <X>2717</X>
        <Y>3839</Y>
      </Corner>
      <Corner>
        <X>0</X>
        <Y>3839</Y>
      </Corner>
    </Corners>
    <Spans>
      <Span>
        <Value>2871667</Value>
        <Coordinates>
          <x0>2290</x0>
          <y0>682</y0>
          <x1>2405</x1>
          <y1>701</y1>
        </Coordinates>
        <OcrConfidence>100</OcrConfidence>
      </Span>
      <Span>
        <Value>,</Value>
        <Coordinates>
          <x0>297</x0>
          <y0>765</y0>
          <x1>1104</x1>
          <y1>808</y1>
        </Coordinates>
        <OcrConfidence>8</OcrConfidence>
      </Span>
      <Span>
        <Value>[13(121</Value>
        <Coordinates>
          <x0>1111</x0>
          <y0>773</y0>
          <x1>1184</x1>
          <y1>794</y1>
        </Coordinates>
        <OcrConfidence>8</OcrConfidence>
      </Span>
      <Span>
        <Value>1</Value>
        <Coordinates>
          <x0>1190</x0>
          <y0>775</y0>
          <x1>1196</x1>
          <y1>793</y1>
        </Coordinates>
        <OcrConfidence>8</OcrConfidence>
      </Span>
      <Span>
        <Value>1010,0,</Value>
        <Coordinates>
          <x0>1201</x0>
          <y0>775</y0>
          <x1>1275</x1>
          <y1>793</y1>
        </Coordinates>
        <OcrConfidence>8</OcrConfidence>
      </Span>
      <Span>
        <Value>tijyl,]</Value>
        <Coordinates>
          <x0>1280</x0>
          <y0>773</y0>
          <x1>1364</x1>
          <y1>792</y1>
        </Coordinates>
        <OcrConfidence>8</OcrConfidence>
      </Span>
      <Span>
        <Value>MINI,1</Value>
        <Coordinates>
          <x0>1369</x0>
          <y0>773</y0>
          <x1>1457</x1>
          <y1>792</y1>
        </Coordinates>
        <OcrConfidence>8</OcrConfidence>
      </Span>
      <Span>
        <Value>=MIZ.,RM</Value>
        <Coordinates>
          <x0>1462</x0>
          <y0>771</y0>
          <x1>1596</x1>
          <y1>792</y1>
        </Coordinates>
        <OcrConfidence>8</OcrConfidence>
      </Span>
      <Span>
        <Value>WIUM</Value>
        <Coordinates>
          <x0>1603</x0>
          <y0>771</y0>
          <x1>1653</x1>
          <y1>793</y1>
        </Coordinates>
        <OcrConfidence>8</OcrConfidence>
      </Span>
      <Span>
        <Value>[011,1</Value>
        <Coordinates>
          <x0>1658</x0>
          <y0>772</y0>
          <x1>1727</x1>
          <y1>792</y1>
        </Coordinates>
        <OcrConfidence>8</OcrConfidence>
      </Span>
      <Span>
        <Value>[•]R</Value>
        <Coordinates>
          <x0>1732</x0>
          <y0>761</y0>
          <x1>2409</x1>
          <y1>796</y1>
        </Coordinates>
        <OcrConfidence>8</OcrConfidence>
      </Span>
      <Span>
        <Value>Use</Value>
        <Coordinates>
          <x0>306</x0>
          <y0>810</y0>
          <x1>350</x1>
          <y1>832</y1>
        </Coordinates>
        <OcrConfidence>20</OcrConfidence>
      </Span>
      <Span>
        <Value>this</Value>
        <Coordinates>
          <x0>357</x0>
          <y0>809</y0>
          <x1>398</x1>
          <y1>832</y1>
        </Coordinates>
        <OcrConfidence>20</OcrConfidence>
      </Span>
      <Span>
        <Value>continuation</Value>
        <Coordinates>
          <x0>406</x0>
          <y0>809</y0>
          <x1>550</x1>
          <y1>833</y1>
        </Coordinates>
        <OcrConfidence>20</OcrConfidence>
      </Span>
      <Span>
        <Value>sheet</Value>
        <Coordinates>
          <x0>558</x0>
          <y0>808</y0>
          <x1>619</x1>
          <y1>838</y1>
        </Coordinates>
        <OcrConfidence>20</OcrConfidence>
      </Span>
      <Span>
        <Value>ifyouneed</Value>
        <Coordinates>
          <x0>625</x0>
          <y0>808</y0>
          <x1>757</x1>
          <y1>835</y1>
        </Coordinates>
        <OcrConfidence>20</OcrConfidence>
      </Span>
      <Span>
        <Value>Bomower</Value>
        <Coordinates>
          <x0>828</x0>
          <y0>808</y0>
          <x1>941</x1>
          <y1>829</y1>
        </Coordinates>
        <OcrConfidence>20</OcrConfidence>
      </Span>
      <Span>
        <Value>Agency</Value>
        <Coordinates>
          <x0>1886</x0>
          <y0>805</y0>
          <x1>1979</x1>
          <y1>830</y1>
        </Coordinates>
        <OcrConfidence>68</OcrConfidence>
      </Span>
      <Span>
        <Value>Case</Value>
        <Coordinates>
          <x0>1986</x0>
          <y0>804</y0>
          <x1>2043</x1>
          <y1>825</y1>
        </Coordinates>
        <OcrConfidence>68</OcrConfidence>
      </Span>
      <Span>
        <Value>Number:</Value>
        <Coordinates>
          <x0>2050</x0>
          <y0>804</y0>
          <x1>2154</x1>
          <y1>825</y1>
        </Coordinates>
        <OcrConfidence>68</OcrConfidence>
      </Span>
      <Span>
        <Value>more</Value>
        <Coordinates>
          <x0>307</x0>
          <y0>850</y0>
          <x1>364</x1>
          <y1>866</y1>
        </Coordinates>
        <OcrConfidence>43</OcrConfidence>
      </Span>
      <Span>
        <Value>space</Value>
        <Coordinates>
          <x0>371</x0>
          <y0>847</y0>
          <x1>436</x1>
          <y1>871</y1>
        </Coordinates>
        <OcrConfidence>43</OcrConfidence>
      </Span>
      <Span>
        <Value>to</Value>
        <Coordinates>
          <x0>443</x0>
          <y0>845</y0>
          <x1>463</x1>
          <y1>865</y1>
        </Coordinates>
        <OcrConfidence>43</OcrConfidence>
      </Span>
      <Span>
        <Value>complete</Value>
        <Coordinates>
          <x0>474</x0>
          <y0>843</y0>
          <x1>578</x1>
          <y1>870</y1>
        </Coordinates>
        <OcrConfidence>43</OcrConfidence>
      </Span>
      <Span>
        <Value>the</Value>
        <Coordinates>
          <x0>585</x0>
          <y0>843</y0>
          <x1>621</x1>
          <y1>865</y1>
        </Coordinates>
        <OcrConfidence>43</OcrConfidence>
      </Span>
      <Span>
        <Value>Residential</Value>
        <Coordinates>
          <x0>630</x0>
          <y0>842</y0>
          <x1>758</x1>
          <y1>863</y1>
        </Coordinates>
        <OcrConfidence>43</OcrConfidence>
      </Span>
      <Span>
        <Value>JOCELYN</Value>
        <Coordinates>
          <x0>829</x0>
          <y0>842</y0>
          <x1>952</x1>
          <y1>860</y1>
        </Coordinates>
        <OcrConfidence>43</OcrConfidence>
      </Span>
      <Span>
        <Value>RUBI</Value>
        <Coordinates>
          <x0>970</x0>
          <y0>842</y0>
          <x1>1038</x1>
          <y1>860</y1>
        </Coordinates>
        <OcrConfidence>43</OcrConfidence>
      </Span>
      <Span>
        <Value>GUEVARA</Value>
        <Coordinates>
          <x0>1057</x0>
          <y0>842</y0>
          <x1>1179</x1>
          <y1>861</y1>
        </Coordinates>
        <OcrConfidence>43</OcrConfidence>
      </Span>
      <Span>
        <Value>I,can</Value>
        <Coordinates>
          <x0>306</x0>
          <y0>876</y0>
          <x1>363</x1>
          <y1>901</y1>
        </Coordinates>
        <OcrConfidence>18</OcrConfidence>
      </Span>
      <Span>
        <Value>Application.</Value>
        <Coordinates>
          <x0>370</x0>
          <y0>876</y0>
          <x1>514</x1>
          <y1>902</y1>
        </Coordinates>
        <OcrConfidence>18</OcrConfidence>
      </Span>
      <Span>
        <Value>Mark</Value>
        <Coordinates>
          <x0>521</x0>
          <y0>876</y0>
          <x1>585</x1>
          <y1>900</y1>
        </Coordinates>
        <OcrConfidence>18</OcrConfidence>
      </Span>
      <Span>
        <Value>B</Value>
        <Coordinates>
          <x0>590</x0>
          <y0>877</y0>
          <x1>610</x1>
          <y1>898</y1>
        </Coordinates>
        <OcrConfidence>18</OcrConfidence>
      </Span>
      <Span>
        <Value>for</Value>
        <Coordinates>
          <x0>618</x0>
          <y0>877</y0>
          <x1>653</x1>
          <y1>898</y1>
        </Coordinates>
        <OcrConfidence>18</OcrConfidence>
      </Span>
      <Span>
        <Value>Bot,gwer</Value>
        <Coordinates>
          <x0>659</x0>
          <y0>877</y0>
          <x1>772</x1>
          <y1>898</y1>
        </Coordinates>
        <OcrConfidence>18</OcrConfidence>
      </Span>
      <Span>
        <Value>Co-Borrower:</Value>
        <Coordinates>
          <x0>828</x0>
          <y0>877</y0>
          <x1>990</x1>
          <y1>897</y1>
        </Coordinates>
        <OcrConfidence>18</OcrConfidence>
      </Span>
      <Span>
        <Value>Lender</Value>
        <Coordinates>
          <x0>1888</x0>
          <y0>871</y0>
          <x1>1970</x1>
          <y1>892</y1>
        </Coordinates>
        <OcrConfidence>84</OcrConfidence>
      </Span>
      <Span>
        <Value>Case</Value>
        <Coordinates>
          <x0>1978</x0>
          <y0>870</y0>
          <x1>2036</x1>
          <y1>892</y1>
        </Coordinates>
        <OcrConfidence>84</OcrConfidence>
      </Span>
      <Span>
        <Value>Number:</Value>
        <Coordinates>
          <x0>2042</x0>
          <y0>869</y0>
          <x1>2144</x1>
          <y1>891</y1>
        </Coordinates>
        <OcrConfidence>84</OcrConfidence>
      </Span>
      <Span>
        <Value>or</Value>
        <Coordinates>
          <x0>306</x0>
          <y0>913</y0>
          <x1>329</x1>
          <y1>933</y1>
        </Coordinates>
        <OcrConfidence>69</OcrConfidence>
      </Span>
      <Span>
        <Value>C</Value>
        <Coordinates>
          <x0>337</x0>
          <y0>911</y0>
          <x1>355</x1>
          <y1>933</y1>
        </Coordinates>
        <OcrConfidence>69</OcrConfidence>
      </Span>
      <Span>
        <Value>for</Value>
        <Coordinates>
          <x0>364</x0>
          <y0>911</y0>
          <x1>399</x1>
          <y1>933</y1>
        </Coordinates>
        <OcrConfidence>69</OcrConfidence>
      </Span>
      <Span>
        <Value>Co-Borrower.</Value>
        <Coordinates>
          <x0>405</x0>
          <y0>911</y0>
          <x1>563</x1>
          <y1>933</y1>
        </Coordinates>
        <OcrConfidence>69</OcrConfidence>
      </Span>
      <Span>
        <Value>2871667</Value>
        <Coordinates>
          <x0>1887</x0>
          <y0>906</y0>
          <x1>2006</x1>
          <y1>923</y1>
        </Coordinates>
        <OcrConfidence>94</OcrConfidence>
      </Span>
      <Span>
        <Value>I/We</Value>
        <Coordinates>
          <x0>307</x0>
          <y0>2960</y0>
          <x1>366</x1>
          <y1>2986</y1>
        </Coordinates>
        <OcrConfidence>19</OcrConfidence>
      </Span>
      <Span>
        <Value>fully</Value>
        <Coordinates>
          <x0>375</x0>
          <y0>2960</y0>
          <x1>431</x1>
          <y1>2986</y1>
        </Coordinates>
        <OcrConfidence>19</OcrConfidence>
      </Span>
      <Span>
        <Value>understand</Value>
        <Coordinates>
          <x0>441</x0>
          <y0>2959</y0>
          <x1>572</x1>
          <y1>2982</y1>
        </Coordinates>
        <OcrConfidence>19</OcrConfidence>
      </Span>
      <Span>
        <Value>that</Value>
        <Coordinates>
          <x0>582</x0>
          <y0>2956</y0>
          <x1>627</x1>
          <y1>2997</y1>
        </Coordinates>
        <OcrConfidence>19</OcrConfidence>
      </Span>
      <Span>
        <Value>it,infederal</Value>
        <Coordinates>
          <x0>636</x0>
          <y0>2955</y0>
          <x1>805</x1>
          <y1>2996</y1>
        </Coordinates>
        <OcrConfidence>19</OcrConfidence>
      </Span>
      <Span>
        <Value>crime</Value>
        <Coordinates>
          <x0>813</x0>
          <y0>2959</y0>
          <x1>882</x1>
          <y1>2986</y1>
        </Coordinates>
        <OcrConfidence>19</OcrConfidence>
      </Span>
      <Span>
        <Value>punishable</Value>
        <Coordinates>
          <x0>892</x0>
          <y0>2958</y0>
          <x1>1024</x1>
          <y1>2986</y1>
        </Coordinates>
        <OcrConfidence>19</OcrConfidence>
      </Span>
      <Span>
        <Value>by</Value>
        <Coordinates>
          <x0>1034</x0>
          <y0>2957</y0>
          <x1>1064</x1>
          <y1>2985</y1>
        </Coordinates>
        <OcrConfidence>19</OcrConfidence>
      </Span>
      <Span>
        <Value>fine</Value>
        <Coordinates>
          <x0>1074</x0>
          <y0>2957</y0>
          <x1>1121</x1>
          <y1>2982</y1>
        </Coordinates>
        <OcrConfidence>19</OcrConfidence>
      </Span>
      <Span>
        <Value>or</Value>
        <Coordinates>
          <x0>1130</x0>
          <y0>2959</y0>
          <x1>1156</x1>
          <y1>2988</y1>
        </Coordinates>
        <OcrConfidence>19</OcrConfidence>
      </Span>
      <Span>
        <Value>imprisonment,</Value>
        <Coordinates>
          <x0>1164</x0>
          <y0>2959</y0>
          <x1>1339</x1>
          <y1>2986</y1>
        </Coordinates>
        <OcrConfidence>19</OcrConfidence>
      </Span>
      <Span>
        <Value>or</Value>
        <Coordinates>
          <x0>1349</x0>
          <y0>2957</y0>
          <x1>1375</x1>
          <y1>2988</y1>
        </Coordinates>
        <OcrConfidence>19</OcrConfidence>
      </Span>
      <Span>
        <Value>bofh,</Value>
        <Coordinates>
          <x0>1383</x0>
          <y0>2958</y0>
          <x1>1445</x1>
          <y1>2984</y1>
        </Coordinates>
        <OcrConfidence>19</OcrConfidence>
      </Span>
      <Span>
        <Value>to</Value>
        <Coordinates>
          <x0>1453</x0>
          <y0>2958</y0>
          <x1>1475</x1>
          <y1>2982</y1>
        </Coordinates>
        <OcrConfidence>19</OcrConfidence>
      </Span>
      <Span>
        <Value>knowingly</Value>
        <Coordinates>
          <x0>1485</x0>
          <y0>2957</y0>
          <x1>1615</x1>
          <y1>2986</y1>
        </Coordinates>
        <OcrConfidence>19</OcrConfidence>
      </Span>
      <Span>
        <Value>make</Value>
        <Coordinates>
          <x0>1625</x0>
          <y0>2958</y0>
          <x1>1689</x1>
          <y1>2984</y1>
        </Coordinates>
        <OcrConfidence>19</OcrConfidence>
      </Span>
      <Span>
        <Value>any</Value>
        <Coordinates>
          <x0>1700</x0>
          <y0>2958</y0>
          <x1>1742</x1>
          <y1>2987</y1>
        </Coordinates>
        <OcrConfidence>19</OcrConfidence>
      </Span>
      <Span>
        <Value>false</Value>
        <Coordinates>
          <x0>1751</x0>
          <y0>2958</y0>
          <x1>1810</x1>
          <y1>2981</y1>
        </Coordinates>
        <OcrConfidence>19</OcrConfidence>
      </Span>
      <Span>
        <Value>statements</Value>
        <Coordinates>
          <x0>1818</x0>
          <y0>2958</y0>
          <x1>1948</x1>
          <y1>2986</y1>
        </Coordinates>
        <OcrConfidence>19</OcrConfidence>
      </Span>
      <Span>
        <Value>conocrning</Value>
        <Coordinates>
          <x0>1958</x0>
          <y0>2957</y0>
          <x1>2091</x1>
          <y1>2983</y1>
        </Coordinates>
        <OcrConfidence>19</OcrConfidence>
      </Span>
      <Span>
        <Value>any</Value>
        <Coordinates>
          <x0>2102</x0>
          <y0>2960</y0>
          <x1>2146</x1>
          <y1>2983</y1>
        </Coordinates>
        <OcrConfidence>19</OcrConfidence>
      </Span>
      <Span>
        <Value>of</Value>
        <Coordinates>
          <x0>2153</x0>
          <y0>2957</y0>
          <x1>2183</x1>
          <y1>2979</y1>
        </Coordinates>
        <OcrConfidence>19</OcrConfidence>
      </Span>
      <Span>
        <Value>the</Value>
        <Coordinates>
          <x0>2188</x0>
          <y0>2958</y0>
          <x1>2226</x1>
          <y1>2979</y1>
        </Coordinates>
        <OcrConfidence>19</OcrConfidence>
      </Span>
      <Span>
        <Value>above</Value>
        <Coordinates>
          <x0>2235</x0>
          <y0>2958</y0>
          <x1>2307</x1>
          <y1>2980</y1>
        </Coordinates>
        <OcrConfidence>19</OcrConfidence>
      </Span>
      <Span>
        <Value>facts</Value>
        <Coordinates>
          <x0>2318</x0>
          <y0>2958</y0>
          <x1>2373</x1>
          <y1>2979</y1>
        </Coordinates>
        <OcrConfidence>19</OcrConfidence>
      </Span>
      <Span>
        <Value>as</Value>
        <Coordinates>
          <x0>2384</x0>
          <y0>2963</y0>
          <x1>2406</x1>
          <y1>2978</y1>
        </Coordinates>
        <OcrConfidence>19</OcrConfidence>
      </Span>
      <Span>
        <Value>applitable</Value>
        <Coordinates>
          <x0>307</x0>
          <y0>2995</y0>
          <x1>431</x1>
          <y1>3028</y1>
        </Coordinates>
        <OcrConfidence>25</OcrConfidence>
      </Span>
      <Span>
        <Value>unde*he</Value>
        <Coordinates>
          <x0>439</x0>
          <y0>2986</y0>
          <x1>553</x1>
          <y1>3029</y1>
        </Coordinates>
        <OcrConfidence>25</OcrConfidence>
      </Span>
      <Span>
        <Value>provisipns</Value>
        <Coordinates>
          <x0>562</x0>
          <y0>2994</y0>
          <x1>687</x1>
          <y1>3028</y1>
        </Coordinates>
        <OcrConfidence>25</OcrConfidence>
      </Span>
      <Span>
        <Value>offritle</Value>
        <Coordinates>
          <x0>698</x0>
          <y0>2994</y0>
          <x1>789</x1>
          <y1>3027</y1>
        </Coordinates>
        <OcrConfidence>25</OcrConfidence>
      </Span>
      <Span>
        <Value>18.</Value>
        <Coordinates>
          <x0>800</x0>
          <y0>2994</y0>
          <x1>835</x1>
          <y1>3017</y1>
        </Coordinates>
        <OcrConfidence>25</OcrConfidence>
      </Span>
      <Span>
        <Value>United</Value>
        <Coordinates>
          <x0>848</x0>
          <y0>2994</y0>
          <x1>927</x1>
          <y1>3016</y1>
        </Coordinates>
        <OcrConfidence>25</OcrConfidence>
      </Span>
      <Span>
        <Value>States</Value>
        <Coordinates>
          <x0>937</x0>
          <y0>2994</y0>
          <x1>1008</x1>
          <y1>3016</y1>
        </Coordinates>
        <OcrConfidence>25</OcrConfidence>
      </Span>
      <Span>
        <Value>Code.</Value>
        <Coordinates>
          <x0>1019</x0>
          <y0>2994</y0>
          <x1>1091</x1>
          <y1>3018</y1>
        </Coordinates>
        <OcrConfidence>25</OcrConfidence>
      </Span>
      <Span>
        <Value>Section</Value>
        <Coordinates>
          <x0>1100</x0>
          <y0>2994</y0>
          <x1>1191</x1>
          <y1>3016</y1>
        </Coordinates>
        <OcrConfidence>25</OcrConfidence>
      </Span>
      <Span>
        <Value>1001.</Value>
        <Coordinates>
          <x0>1204</x0>
          <y0>2995</y0>
          <x1>1267</x1>
          <y1>3017</y1>
        </Coordinates>
        <OcrConfidence>25</OcrConfidence>
      </Span>
      <Span>
        <Value>el</Value>
        <Coordinates>
          <x0>1279</x0>
          <y0>2996</y0>
          <x1>1301</x1>
          <y1>3015</y1>
        </Coordinates>
        <OcrConfidence>25</OcrConfidence>
      </Span>
      <Span>
        <Value>seq.</Value>
        <Coordinates>
          <x0>1309</x0>
          <y0>2999</y0>
          <x1>1353</x1>
          <y1>3018</y1>
        </Coordinates>
        <OcrConfidence>25</OcrConfidence>
      </Span>
      <Span>
        <Value>Bort#¥er's</Value>
        <Coordinates>
          <x0>309</x0>
          <y0>3023</y0>
          <x1>435</x1>
          <y1>3076</y1>
        </Coordinates>
        <OcrConfidence>14</OcrConfidence>
      </Span>
      <Span>
        <Value>Signre</Value>
        <Coordinates>
          <x0>444</x0>
          <y0>3024</y0>
          <x1>552</x1>
          <y1>3076</y1>
        </Coordinates>
        <OcrConfidence>14</OcrConfidence>
      </Span>
      <Span>
        <Value>Date</Value>
        <Coordinates>
          <x0>981</x0>
          <y0>3028</y0>
          <x1>1035</x1>
          <y1>3048</y1>
        </Coordinates>
        <OcrConfidence>98</OcrConfidence>
      </Span>
      <Span>
        <Value>Co-Boirower's</Value>
        <Coordinates>
          <x0>1362</x0>
          <y0>3026</y0>
          <x1>1533</x1>
          <y1>3050</y1>
        </Coordinates>
        <OcrConfidence>26</OcrConfidence>
      </Span>
      <Span>
        <Value>Signature</Value>
        <Coordinates>
          <x0>1543</x0>
          <y0>3026</y0>
          <x1>1654</x1>
          <y1>3053</y1>
        </Coordinates>
        <OcrConfidence>26</OcrConfidence>
      </Span>
      <Span>
        <Value>Date</Value>
        <Coordinates>
          <x0>2041</x0>
          <y0>3025</y0>
          <x1>2093</x1>
          <y1>3047</y1>
        </Coordinates>
        <OcrConfidence>71</OcrConfidence>
      </Span>
      <Span>
        <Value>Xl</Value>
        <Coordinates>
          <x0>309</x0>
          <y0>3109</y0>
          <x1>372</x1>
          <y1>3153</y1>
        </Coordinates>
        <OcrConfidence>40</OcrConfidence>
      </Span>
      <Span>
        <Value>99%</Value>
        <Coordinates>
          <x0>1025</x0>
          <y0>3024</y0>
          <x1>1383</x1>
          <y1>3228</y1>
        </Coordinates>
        <OcrConfidence>25</OcrConfidence>
      </Span>
      <Span>
        <Value>Uniform</Value>
        <Coordinates>
          <x0>304</x0>
          <y0>3191</y0>
          <x1>400</x1>
          <y1>3214</y1>
        </Coordinates>
        <OcrConfidence>21</OcrConfidence>
      </Span>
      <Span>
        <Value>Re,idential</Value>
        <Coordinates>
          <x0>409</x0>
          <y0>3191</y0>
          <x1>538</x1>
          <y1>3214</y1>
        </Coordinates>
        <OcrConfidence>21</OcrConfidence>
      </Span>
      <Span>
        <Value>Loan</Value>
        <Coordinates>
          <x0>545</x0>
          <y0>3192</y0>
          <x1>603</x1>
          <y1>3212</y1>
        </Coordinates>
        <OcrConfidence>21</OcrConfidence>
      </Span>
      <Span>
        <Value>Application</Value>
        <Coordinates>
          <x0>613</x0>
          <y0>3192</y0>
          <x1>748</x1>
          <y1>3217</y1>
        </Coordinates>
        <OcrConfidence>21</OcrConfidence>
      </Span>
      <Span>
        <Value>Freddie</Value>
        <Coordinates>
          <x0>304</x0>
          <y0>3216</y0>
          <x1>393</x1>
          <y1>3239</y1>
        </Coordinates>
        <OcrConfidence>16</OcrConfidence>
      </Span>
      <Span>
        <Value>*!te</Value>
        <Coordinates>
          <x0>401</x0>
          <y0>3215</y0>
          <x1>450</x1>
          <y1>3238</y1>
        </Coordinates>
        <OcrConfidence>16</OcrConfidence>
      </Span>
      <Span>
        <Value>Form</Value>
        <Coordinates>
          <x0>458</x0>
          <y0>3220</y0>
          <x1>520</x1>
          <y1>3238</y1>
        </Coordinates>
        <OcrConfidence>16</OcrConfidence>
      </Span>
      <Span>
        <Value>65</Value>
        <Coordinates>
          <x0>529</x0>
          <y0>3220</y0>
          <x1>555</x1>
          <y1>3239</y1>
        </Coordinates>
        <OcrConfidence>16</OcrConfidence>
      </Span>
      <Span>
        <Value>7/05</Value>
        <Coordinates>
          <x0>591</x0>
          <y0>3221</y0>
          <x1>639</x1>
          <y1>3244</y1>
        </Coordinates>
        <OcrConfidence>16</OcrConfidence>
      </Span>
      <Span>
        <Value>(rev.</Value>
        <Coordinates>
          <x0>645</x0>
          <y0>3219</y0>
          <x1>698</x1>
          <y1>3244</y1>
        </Coordinates>
        <OcrConfidence>16</OcrConfidence>
      </Span>
      <Span>
        <Value>6/09)</Value>
        <Coordinates>
          <x0>706</x0>
          <y0>3219</y0>
          <x1>763</x1>
          <y1>3242</y1>
        </Coordinates>
        <OcrConfidence>16</OcrConfidence>
      </Span>
      <Span>
        <Value>Fannie</Value>
        <Coordinates>
          <x0>1931</x0>
          <y0>3217</y0>
          <x1>2011</x1>
          <y1>3238</y1>
        </Coordinates>
        <OcrConfidence>23</OcrConfidence>
      </Span>
      <Span>
        <Value>Mae</Value>
        <Coordinates>
          <x0>2019</x0>
          <y0>3216</y0>
          <x1>2071</x1>
          <y1>3238</y1>
        </Coordinates>
        <OcrConfidence>23</OcrConfidence>
      </Span>
      <Span>
        <Value>Fom</Value>
        <Coordinates>
          <x0>2076</x0>
          <y0>3216</y0>
          <x1>2142</x1>
          <y1>3236</y1>
        </Coordinates>
        <OcrConfidence>23</OcrConfidence>
      </Span>
      <Span>
        <Value>1003</Value>
        <Coordinates>
          <x0>2152</x0>
          <y0>3216</y0>
          <x1>2204</x1>
          <y1>3238</y1>
        </Coordinates>
        <OcrConfidence>23</OcrConfidence>
      </Span>
      <Span>
        <Value>W05</Value>
        <Coordinates>
          <x0>2240</x0>
          <y0>3216</y0>
          <x1>2288</x1>
          <y1>3242</y1>
        </Coordinates>
        <OcrConfidence>23</OcrConfidence>
      </Span>
      <Span>
        <Value>(re¥.</Value>
        <Coordinates>
          <x0>2295</x0>
          <y0>3216</y0>
          <x1>2348</x1>
          <y1>3242</y1>
        </Coordinates>
        <OcrConfidence>23</OcrConfidence>
      </Span>
      <Span>
        <Value>6/09)</Value>
        <Coordinates>
          <x0>2356</x0>
          <y0>3216</y0>
          <x1>2412</x1>
          <y1>3242</y1>
        </Coordinates>
        <OcrConfidence>23</OcrConfidence>
      </Span>
      <Span>
        <Value>e</Value>
        <Coordinates>
          <x0>304</x0>
          <y0>3250</y0>
          <x1>347</x1>
          <y1>3272</y1>
        </Coordinates>
        <OcrConfidence>39</OcrConfidence>
      </Span>
      <Span>
        <Value>4193-872</Value>
        <Coordinates>
          <x0>387</x0>
          <y0>3250</y0>
          <x1>494</x1>
          <y1>3271</y1>
        </Coordinates>
        <OcrConfidence>39</OcrConfidence>
      </Span>
      <Span>
        <Value>Page</Value>
        <Coordinates>
          <x0>1268</x0>
          <y0>3251</y0>
          <x1>1327</x1>
          <y1>3276</y1>
        </Coordinates>
        <OcrConfidence>93</OcrConfidence>
      </Span>
      <Span>
        <Value>5</Value>
        <Coordinates>
          <x0>1345</x0>
          <y0>3251</y0>
          <x1>1357</x1>
          <y1>3271</y1>
        </Coordinates>
        <OcrConfidence>93</OcrConfidence>
      </Span>
      <Span>
        <Value>of</Value>
        <Coordinates>
          <x0>1377</x0>
          <y0>3249</y0>
          <x1>1404</x1>
          <y1>3271</y1>
        </Coordinates>
        <OcrConfidence>93</OcrConfidence>
      </Span>
      <Span>
        <Value>5</Value>
        <Coordinates>
          <x0>1424</x0>
          <y0>3251</y0>
          <x1>1435</x1>
          <y1>3271</y1>
        </Coordinates>
        <OcrConfidence>93</OcrConfidence>
      </Span>
      <Span>
        <Value>lili</Value>
        <Coordinates>
          <x0>1203</x0>
          <y0>3281</y0>
          <x1>1231</x1>
          <y1>3308</y1>
        </Coordinates>
        <OcrConfidence>33</OcrConfidence>
      </Span>
      <Span>
        <Value>2871667-9372-5-5</Value>
        <Coordinates>
          <x0>1207</x0>
          <y0>3403</y0>
          <x1>1505</x1>
          <y1>3430</y1>
        </Coordinates>
        <OcrConfidence>82</OcrConfidence>
      </Span>
    </Spans>
    <Barcodes />
    <HocrContent>2871667 , [13(121 1 1010,0, tijyl,] MINI,1 =MIZ.,RM WIUM [011,1 [•]R Use this continuation sheet ifyouneed Bomower Agency Case Number: more space to complete the Residential JOCELYN RUBI GUEVARA I,can Application. Mark B for Bot,gwer Co-Borrower: Lender Case Number: or C for Co-Borrower. 2871667 I/We fully understand that it,infederal crime punishable by fine or imprisonment, or bofh, to knowingly make any false statements conocrning any of the above facts as applitable unde*he provisipns offritle 18. United States Code. Section 1001. el seq. Bort#¥er's Signre Date Co-Boirower's Signature Date Xl 99% Uniform Re,idential Loan Application Freddie *!te Form 65 7/05 (rev. 6/09) Fannie Mae Fom 1003 W05 (re¥. 6/09) e 4193-872 Page 5 of 5 lili 2871667-9372-5-5 </HocrContent>
  </HocrPage>
</HocrPages>