<?xml version="1.0" encoding="utf-8"?>
<HocrPages xmlns:xsi="http://www.w3.org/2001/XMLSchema-instance" xmlns:xsd="http://www.w3.org/2001/XMLSchema">
  <Signature>ephesoft16e3b52d531ad29f4b4d11b31f5f285f837392b6</Signature>
  <HocrPage>
    <PageID>PG4</PageID>
    <Title>OCR Output</Title>
    <Orientation>0</Orientation>
    <DeskewAngle>0</DeskewAngle>
    <LanguageCode>en</LanguageCode>
    <Corners>
      <Corner>
        <X>0</X>
        <Y>0</Y>
      </Corner>
      <Corner>
        <X>2709</X>
        <Y>0</Y>
      </Corner>
      <Corner>
        <X>2709</X>
        <Y>3834</Y>
      </Corner>
      <Corner>
        <X>0</X>
        <Y>3834</Y>
      </Corner>
    </Corners>
    <Spans>
      <Span>
        <Value>2865386</Value>
        <Coordinates>
          <x0>2346</x0>
          <y0>594</y0>
          <x1>2471</x1>
          <y1>614</y1>
        </Coordinates>
        <OcrConfidence>97</OcrConfidence>
      </Span>
      <Span>
        <Value>il¢l.Avull]Guiltlim,0121111.7..11.ey.vy#NUM[zwN[D]illlllllllilllllllllllllllll</Value>
        <Coordinates>
          <x0>228</x0>
          <y0>679</y0>
          <x1>2475</x1>
          <y1>714</y1>
        </Coordinates>
        <OcrConfidence>7</OcrConfidence>
      </Span>
      <Span>
        <Value>Use</Value>
        <Coordinates>
          <x0>237</x0>
          <y0>729</y0>
          <x1>284</x1>
          <y1>752</y1>
        </Coordinates>
        <OcrConfidence>36</OcrConfidence>
      </Span>
      <Span>
        <Value>this</Value>
        <Coordinates>
          <x0>291</x0>
          <y0>728</y0>
          <x1>335</x1>
          <y1>752</y1>
        </Coordinates>
        <OcrConfidence>36</OcrConfidence>
      </Span>
      <Span>
        <Value>continuation</Value>
        <Coordinates>
          <x0>343</x0>
          <y0>728</y0>
          <x1>495</x1>
          <y1>752</y1>
        </Coordinates>
        <OcrConfidence>36</OcrConfidence>
      </Span>
      <Span>
        <Value>sheet</Value>
        <Coordinates>
          <x0>504</x0>
          <y0>728</y0>
          <x1>567</x1>
          <y1>751</y1>
        </Coordinates>
        <OcrConfidence>36</OcrConfidence>
      </Span>
      <Span>
        <Value>if</Value>
        <Coordinates>
          <x0>576</x0>
          <y0>727</y0>
          <x1>597</x1>
          <y1>755</y1>
        </Coordinates>
        <OcrConfidence>36</OcrConfidence>
      </Span>
      <Span>
        <Value>you</Value>
        <Coordinates>
          <x0>601</x0>
          <y0>732</y0>
          <x1>649</x1>
          <y1>755</y1>
        </Coordinates>
        <OcrConfidence>36</OcrConfidence>
      </Span>
      <Span>
        <Value>nced</Value>
        <Coordinates>
          <x0>655</x0>
          <y0>727</y0>
          <x1>714</x1>
          <y1>751</y1>
        </Coordinates>
        <OcrConfidence>36</OcrConfidence>
      </Span>
      <Span>
        <Value>Borrower:</Value>
        <Coordinates>
          <x0>793</x0>
          <y0>730</y0>
          <x1>919</x1>
          <y1>752</y1>
        </Coordinates>
        <OcrConfidence>91</OcrConfidence>
      </Span>
      <Span>
        <Value>Agency</Value>
        <Coordinates>
          <x0>1918</x0>
          <y0>725</y0>
          <x1>2016</x1>
          <y1>754</y1>
        </Coordinates>
        <OcrConfidence>48</OcrConfidence>
      </Span>
      <Span>
        <Value>Case</Value>
        <Coordinates>
          <x0>2024</x0>
          <y0>724</y0>
          <x1>2086</x1>
          <y1>746</y1>
        </Coordinates>
        <OcrConfidence>48</OcrConfidence>
      </Span>
      <Span>
        <Value>Number:</Value>
        <Coordinates>
          <x0>2093</x0>
          <y0>724</y0>
          <x1>2201</x1>
          <y1>746</y1>
        </Coordinates>
        <OcrConfidence>48</OcrConfidence>
      </Span>
      <Span>
        <Value>more</Value>
        <Coordinates>
          <x0>237</x0>
          <y0>772</y0>
          <x1>298</x1>
          <y1>790</y1>
        </Coordinates>
        <OcrConfidence>32</OcrConfidence>
      </Span>
      <Span>
        <Value>space</Value>
        <Coordinates>
          <x0>307</x0>
          <y0>767</y0>
          <x1>373</x1>
          <y1>793</y1>
        </Coordinates>
        <OcrConfidence>32</OcrConfidence>
      </Span>
      <Span>
        <Value>to</Value>
        <Coordinates>
          <x0>382</x0>
          <y0>767</y0>
          <x1>405</x1>
          <y1>786</y1>
        </Coordinates>
        <OcrConfidence>32</OcrConfidence>
      </Span>
      <Span>
        <Value>complete</Value>
        <Coordinates>
          <x0>413</x0>
          <y0>764</y0>
          <x1>525</x1>
          <y1>793</y1>
        </Coordinates>
        <OcrConfidence>32</OcrConfidence>
      </Span>
      <Span>
        <Value>the</Value>
        <Coordinates>
          <x0>534</x0>
          <y0>763</y0>
          <x1>571</x1>
          <y1>786</y1>
        </Coordinates>
        <OcrConfidence>32</OcrConfidence>
      </Span>
      <Span>
        <Value>Residential</Value>
        <Coordinates>
          <x0>579</x0>
          <y0>763</y0>
          <x1>716</x1>
          <y1>786</y1>
        </Coordinates>
        <OcrConfidence>32</OcrConfidence>
      </Span>
      <Span>
        <Value>JOCELYN</Value>
        <Coordinates>
          <x0>791</x0>
          <y0>764</y0>
          <x1>924</x1>
          <y1>783</y1>
        </Coordinates>
        <OcrConfidence>32</OcrConfidence>
      </Span>
      <Span>
        <Value>RUBI</Value>
        <Coordinates>
          <x0>941</x0>
          <y0>764</y0>
          <x1>1015</x1>
          <y1>782</y1>
        </Coordinates>
        <OcrConfidence>32</OcrConfidence>
      </Span>
      <Span>
        <Value>GUEVARA</Value>
        <Coordinates>
          <x0>1037</x0>
          <y0>764</y0>
          <x1>1166</x1>
          <y1>782</y1>
        </Coordinates>
        <OcrConfidence>32</OcrConfidence>
      </Span>
      <Span>
        <Value>Loan</Value>
        <Coordinates>
          <x0>238</x0>
          <y0>801</y0>
          <x1>298</x1>
          <y1>830</y1>
        </Coordinates>
        <OcrConfidence>88</OcrConfidence>
      </Span>
      <Span>
        <Value>Application.</Value>
        <Coordinates>
          <x0>307</x0>
          <y0>800</y0>
          <x1>458</x1>
          <y1>830</y1>
        </Coordinates>
        <OcrConfidence>88</OcrConfidence>
      </Span>
      <Span>
        <Value>Mark</Value>
        <Coordinates>
          <x0>467</x0>
          <y0>800</y0>
          <x1>534</x1>
          <y1>822</y1>
        </Coordinates>
        <OcrConfidence>88</OcrConfidence>
      </Span>
      <Span>
        <Value>B</Value>
        <Coordinates>
          <x0>542</x0>
          <y0>800</y0>
          <x1>562</x1>
          <y1>821</y1>
        </Coordinates>
        <OcrConfidence>88</OcrConfidence>
      </Span>
      <Span>
        <Value>for</Value>
        <Coordinates>
          <x0>570</x0>
          <y0>800</y0>
          <x1>607</x1>
          <y1>821</y1>
        </Coordinates>
        <OcrConfidence>88</OcrConfidence>
      </Span>
      <Span>
        <Value>Borrower</Value>
        <Coordinates>
          <x0>613</x0>
          <y0>800</y0>
          <x1>733</x1>
          <y1>821</y1>
        </Coordinates>
        <OcrConfidence>88</OcrConfidence>
      </Span>
      <Span>
        <Value>Co-Borrower:</Value>
        <Coordinates>
          <x0>792</x0>
          <y0>800</y0>
          <x1>965</x1>
          <y1>821</y1>
        </Coordinates>
        <OcrConfidence>88</OcrConfidence>
      </Span>
      <Span>
        <Value>Lender</Value>
        <Coordinates>
          <x0>1919</x0>
          <y0>795</y0>
          <x1>2008</x1>
          <y1>818</y1>
        </Coordinates>
        <OcrConfidence>86</OcrConfidence>
      </Span>
      <Span>
        <Value>Case</Value>
        <Coordinates>
          <x0>2017</x0>
          <y0>795</y0>
          <x1>2077</x1>
          <y1>818</y1>
        </Coordinates>
        <OcrConfidence>86</OcrConfidence>
      </Span>
      <Span>
        <Value>Number:</Value>
        <Coordinates>
          <x0>2084</x0>
          <y0>795</y0>
          <x1>2194</x1>
          <y1>818</y1>
        </Coordinates>
        <OcrConfidence>86</OcrConfidence>
      </Span>
      <Span>
        <Value>or</Value>
        <Coordinates>
          <x0>237</x0>
          <y0>836</y0>
          <x1>262</x1>
          <y1>859</y1>
        </Coordinates>
        <OcrConfidence>24</OcrConfidence>
      </Span>
      <Span>
        <Value>C</Value>
        <Coordinates>
          <x0>270</x0>
          <y0>836</y0>
          <x1>291</x1>
          <y1>859</y1>
        </Coordinates>
        <OcrConfidence>24</OcrConfidence>
      </Span>
      <Span>
        <Value>for</Value>
        <Coordinates>
          <x0>299</x0>
          <y0>836</y0>
          <x1>335</x1>
          <y1>858</y1>
        </Coordinates>
        <OcrConfidence>24</OcrConfidence>
      </Span>
      <Span>
        <Value>Co-Bomower.</Value>
        <Coordinates>
          <x0>343</x0>
          <y0>836</y0>
          <x1>510</x1>
          <y1>858</y1>
        </Coordinates>
        <OcrConfidence>24</OcrConfidence>
      </Span>
      <Span>
        <Value>2865386</Value>
        <Coordinates>
          <x0>1919</x0>
          <y0>832</y0>
          <x1>2047</x1>
          <y1>852</y1>
        </Coordinates>
        <OcrConfidence>100</OcrConfidence>
      </Span>
      <Span>
        <Value>I/We</Value>
        <Coordinates>
          <x0>237</x0>
          <y0>3013</y0>
          <x1>299</x1>
          <y1>3038</y1>
        </Coordinates>
        <OcrConfidence>30</OcrConfidence>
      </Span>
      <Span>
        <Value>fully</Value>
        <Coordinates>
          <x0>310</x0>
          <y0>3013</y0>
          <x1>368</x1>
          <y1>3043</y1>
        </Coordinates>
        <OcrConfidence>30</OcrConfidence>
      </Span>
      <Span>
        <Value>understand</Value>
        <Coordinates>
          <x0>378</x0>
          <y0>3013</y0>
          <x1>518</x1>
          <y1>3036</y1>
        </Coordinates>
        <OcrConfidence>30</OcrConfidence>
      </Span>
      <Span>
        <Value>that</Value>
        <Coordinates>
          <x0>528</x0>
          <y0>3013</y0>
          <x1>576</x1>
          <y1>3036</y1>
        </Coordinates>
        <OcrConfidence>30</OcrConfidence>
      </Span>
      <Span>
        <Value>it</Value>
        <Coordinates>
          <x0>586</x0>
          <y0>3013</y0>
          <x1>603</x1>
          <y1>3036</y1>
        </Coordinates>
        <OcrConfidence>30</OcrConfidence>
      </Span>
      <Span>
        <Value>is</Value>
        <Coordinates>
          <x0>614</x0>
          <y0>3013</y0>
          <x1>635</x1>
          <y1>3036</y1>
        </Coordinates>
        <OcrConfidence>30</OcrConfidence>
      </Span>
      <Span>
        <Value>a</Value>
        <Coordinates>
          <x0>644</x0>
          <y0>3014</y0>
          <x1>658</x1>
          <y1>3036</y1>
        </Coordinates>
        <OcrConfidence>30</OcrConfidence>
      </Span>
      <Span>
        <Value>Federal</Value>
        <Coordinates>
          <x0>669</x0>
          <y0>3013</y0>
          <x1>765</x1>
          <y1>3037</y1>
        </Coordinates>
        <OcrConfidence>30</OcrConfidence>
      </Span>
      <Span>
        <Value>crime</Value>
        <Coordinates>
          <x0>776</x0>
          <y0>3013</y0>
          <x1>848</x1>
          <y1>3043</y1>
        </Coordinates>
        <OcrConfidence>30</OcrConfidence>
      </Span>
      <Span>
        <Value>punishable</Value>
        <Coordinates>
          <x0>857</x0>
          <y0>3013</y0>
          <x1>999</x1>
          <y1>3043</y1>
        </Coordinates>
        <OcrConfidence>30</OcrConfidence>
      </Span>
      <Span>
        <Value>by</Value>
        <Coordinates>
          <x0>1008</x0>
          <y0>3013</y0>
          <x1>1040</x1>
          <y1>3043</y1>
        </Coordinates>
        <OcrConfidence>30</OcrConfidence>
      </Span>
      <Span>
        <Value>fine</Value>
        <Coordinates>
          <x0>1052</x0>
          <y0>3013</y0>
          <x1>1100</x1>
          <y1>3037</y1>
        </Coordinates>
        <OcrConfidence>30</OcrConfidence>
      </Span>
      <Span>
        <Value>or</Value>
        <Coordinates>
          <x0>1112</x0>
          <y0>3014</y0>
          <x1>1138</x1>
          <y1>3036</y1>
        </Coordinates>
        <OcrConfidence>30</OcrConfidence>
      </Span>
      <Span>
        <Value>imprisonment,</Value>
        <Coordinates>
          <x0>1149</x0>
          <y0>3013</y0>
          <x1>1334</x1>
          <y1>3043</y1>
        </Coordinates>
        <OcrConfidence>30</OcrConfidence>
      </Span>
      <Span>
        <Value>or</Value>
        <Coordinates>
          <x0>1346</x0>
          <y0>3014</y0>
          <x1>1372</x1>
          <y1>3037</y1>
        </Coordinates>
        <OcrConfidence>30</OcrConfidence>
      </Span>
      <Span>
        <Value>both,</Value>
        <Coordinates>
          <x0>1382</x0>
          <y0>3014</y0>
          <x1>1447</x1>
          <y1>3039</y1>
        </Coordinates>
        <OcrConfidence>30</OcrConfidence>
      </Span>
      <Span>
        <Value>to</Value>
        <Coordinates>
          <x0>1454</x0>
          <y0>3014</y0>
          <x1>1480</x1>
          <y1>3038</y1>
        </Coordinates>
        <OcrConfidence>30</OcrConfidence>
      </Span>
      <Span>
        <Value>knowingly</Value>
        <Coordinates>
          <x0>1491</x0>
          <y0>3013</y0>
          <x1>1627</x1>
          <y1>3041</y1>
        </Coordinates>
        <OcrConfidence>30</OcrConfidence>
      </Span>
      <Span>
        <Value>make</Value>
        <Coordinates>
          <x0>1637</x0>
          <y0>3013</y0>
          <x1>1706</x1>
          <y1>3038</y1>
        </Coordinates>
        <OcrConfidence>30</OcrConfidence>
      </Span>
      <Span>
        <Value>any</Value>
        <Coordinates>
          <x0>1719</x0>
          <y0>3013</y0>
          <x1>1763</x1>
          <y1>3041</y1>
        </Coordinates>
        <OcrConfidence>30</OcrConfidence>
      </Span>
      <Span>
        <Value>false</Value>
        <Coordinates>
          <x0>1774</x0>
          <y0>3013</y0>
          <x1>1835</x1>
          <y1>3036</y1>
        </Coordinates>
        <OcrConfidence>30</OcrConfidence>
      </Span>
      <Span>
        <Value>statements</Value>
        <Coordinates>
          <x0>1844</x0>
          <y0>3018</y0>
          <x1>1981</x1>
          <y1>3036</y1>
        </Coordinates>
        <OcrConfidence>30</OcrConfidence>
      </Span>
      <Span>
        <Value>concerning</Value>
        <Coordinates>
          <x0>1991</x0>
          <y0>3013</y0>
          <x1>2136</x1>
          <y1>3041</y1>
        </Coordinates>
        <OcrConfidence>30</OcrConfidence>
      </Span>
      <Span>
        <Value>any</Value>
        <Coordinates>
          <x0>2145</x0>
          <y0>3018</y0>
          <x1>2191</x1>
          <y1>3041</y1>
        </Coordinates>
        <OcrConfidence>30</OcrConfidence>
      </Span>
      <Span>
        <Value>of</Value>
        <Coordinates>
          <x0>2202</x0>
          <y0>3013</y0>
          <x1>2230</x1>
          <y1>3035</y1>
        </Coordinates>
        <OcrConfidence>30</OcrConfidence>
      </Span>
      <Span>
        <Value>the</Value>
        <Coordinates>
          <x0>2238</x0>
          <y0>3013</y0>
          <x1>2278</x1>
          <y1>3035</y1>
        </Coordinates>
        <OcrConfidence>30</OcrConfidence>
      </Span>
      <Span>
        <Value>above</Value>
        <Coordinates>
          <x0>2288</x0>
          <y0>3013</y0>
          <x1>2364</x1>
          <y1>3035</y1>
        </Coordinates>
        <OcrConfidence>30</OcrConfidence>
      </Span>
      <Span>
        <Value>facts</Value>
        <Coordinates>
          <x0>2375</x0>
          <y0>3013</y0>
          <x1>2434</x1>
          <y1>3035</y1>
        </Coordinates>
        <OcrConfidence>30</OcrConfidence>
      </Span>
      <Span>
        <Value>as</Value>
        <Coordinates>
          <x0>2444</x0>
          <y0>3021</y0>
          <x1>2469</x1>
          <y1>3035</y1>
        </Coordinates>
        <OcrConfidence>30</OcrConfidence>
      </Span>
      <Span>
        <Value>apulicable</Value>
        <Coordinates>
          <x0>237</x0>
          <y0>3036</y0>
          <x1>366</x1>
          <y1>3077</y1>
        </Coordinates>
        <OcrConfidence>26</OcrConfidence>
      </Span>
      <Span>
        <Value>under</Value>
        <Coordinates>
          <x0>376</x0>
          <y0>3050</y0>
          <x1>449</x1>
          <y1>3073</y1>
        </Coordinates>
        <OcrConfidence>26</OcrConfidence>
      </Span>
      <Span>
        <Value>the</Value>
        <Coordinates>
          <x0>459</x0>
          <y0>3050</y0>
          <x1>497</x1>
          <y1>3078</y1>
        </Coordinates>
        <OcrConfidence>26</OcrConfidence>
      </Span>
      <Span>
        <Value>provitions</Value>
        <Coordinates>
          <x0>507</x0>
          <y0>3050</y0>
          <x1>640</x1>
          <y1>3077</y1>
        </Coordinates>
        <OcrConfidence>26</OcrConfidence>
      </Span>
      <Span>
        <Value>of</Value>
        <Coordinates>
          <x0>652</x0>
          <y0>3050</y0>
          <x1>681</x1>
          <y1>3078</y1>
        </Coordinates>
        <OcrConfidence>26</OcrConfidence>
      </Span>
      <Span>
        <Value>Title</Value>
        <Coordinates>
          <x0>687</x0>
          <y0>3050</y0>
          <x1>748</x1>
          <y1>3073</y1>
        </Coordinates>
        <OcrConfidence>26</OcrConfidence>
      </Span>
      <Span>
        <Value>18,</Value>
        <Coordinates>
          <x0>762</x0>
          <y0>3050</y0>
          <x1>798</x1>
          <y1>3077</y1>
        </Coordinates>
        <OcrConfidence>26</OcrConfidence>
      </Span>
      <Span>
        <Value>United</Value>
        <Coordinates>
          <x0>809</x0>
          <y0>3050</y0>
          <x1>897</x1>
          <y1>3078</y1>
        </Coordinates>
        <OcrConfidence>26</OcrConfidence>
      </Span>
      <Span>
        <Value>States</Value>
        <Coordinates>
          <x0>908</x0>
          <y0>3052</y0>
          <x1>983</x1>
          <y1>3073</y1>
        </Coordinates>
        <OcrConfidence>26</OcrConfidence>
      </Span>
      <Span>
        <Value>Code,</Value>
        <Coordinates>
          <x0>994</x0>
          <y0>3050</y0>
          <x1>1068</x1>
          <y1>3077</y1>
        </Coordinates>
        <OcrConfidence>26</OcrConfidence>
      </Span>
      <Span>
        <Value>Section</Value>
        <Coordinates>
          <x0>1081</x0>
          <y0>3050</y0>
          <x1>1175</x1>
          <y1>3073</y1>
        </Coordinates>
        <OcrConfidence>26</OcrConfidence>
      </Span>
      <Span>
        <Value>1001.</Value>
        <Coordinates>
          <x0>1191</x0>
          <y0>3050</y0>
          <x1>1258</x1>
          <y1>3074</y1>
        </Coordinates>
        <OcrConfidence>26</OcrConfidence>
      </Span>
      <Span>
        <Value>et</Value>
        <Coordinates>
          <x0>1270</x0>
          <y0>3053</y0>
          <x1>1292</x1>
          <y1>3073</y1>
        </Coordinates>
        <OcrConfidence>26</OcrConfidence>
      </Span>
      <Span>
        <Value>seq.</Value>
        <Coordinates>
          <x0>1303</x0>
          <y0>3057</y0>
          <x1>1350</x1>
          <y1>3077</y1>
        </Coordinates>
        <OcrConfidence>26</OcrConfidence>
      </Span>
      <Span>
        <Value>B©Awets</Value>
        <Coordinates>
          <x0>237</x0>
          <y0>3075</y0>
          <x1>371</x1>
          <y1>3116</y1>
        </Coordinates>
        <OcrConfidence>15</OcrConfidence>
      </Span>
      <Span>
        <Value>Sigilture</Value>
        <Coordinates>
          <x0>379</x0>
          <y0>3085</y0>
          <x1>496</x1>
          <y1>3113</y1>
        </Coordinates>
        <OcrConfidence>15</OcrConfidence>
      </Span>
      <Span>
        <Value>Date</Value>
        <Coordinates>
          <x0>953</x0>
          <y0>3086</y0>
          <x1>1011</x1>
          <y1>3108</y1>
        </Coordinates>
        <OcrConfidence>98</OcrConfidence>
      </Span>
      <Span>
        <Value>Co-Borrower's</Value>
        <Coordinates>
          <x0>1360</x0>
          <y0>3086</y0>
          <x1>1541</x1>
          <y1>3108</y1>
        </Coordinates>
        <OcrConfidence>70</OcrConfidence>
      </Span>
      <Span>
        <Value>Signature</Value>
        <Coordinates>
          <x0>1551</x0>
          <y0>3085</y0>
          <x1>1668</x1>
          <y1>3114</y1>
        </Coordinates>
        <OcrConfidence>70</OcrConfidence>
      </Span>
      <Span>
        <Value>Date</Value>
        <Coordinates>
          <x0>2080</x0>
          <y0>3086</y0>
          <x1>2138</x1>
          <y1>3108</y1>
        </Coordinates>
        <OcrConfidence>100</OcrConfidence>
      </Span>
      <Span>
        <Value>xC</Value>
        <Coordinates>
          <x0>237</x0>
          <y0>3117</y0>
          <x1>306</x1>
          <y1>3204</y1>
        </Coordinates>
        <OcrConfidence>19</OcrConfidence>
      </Span>
      <Span>
        <Value>X</Value>
        <Coordinates>
          <x0>1360</x0>
          <y0>3177</y0>
          <x1>1381</x1>
          <y1>3198</y1>
        </Coordinates>
        <OcrConfidence>100</OcrConfidence>
      </Span>
      <Span>
        <Value>Uniforni</Value>
        <Coordinates>
          <x0>232</x0>
          <y0>3260</y0>
          <x1>334</x1>
          <y1>3283</y1>
        </Coordinates>
        <OcrConfidence>45</OcrConfidence>
      </Span>
      <Span>
        <Value>Residential</Value>
        <Coordinates>
          <x0>342</x0>
          <y0>3260</y0>
          <x1>481</x1>
          <y1>3283</y1>
        </Coordinates>
        <OcrConfidence>45</OcrConfidence>
      </Span>
      <Span>
        <Value>Loan</Value>
        <Coordinates>
          <x0>489</x0>
          <y0>3260</y0>
          <x1>553</x1>
          <y1>3284</y1>
        </Coordinates>
        <OcrConfidence>45</OcrConfidence>
      </Span>
      <Span>
        <Value>Application</Value>
        <Coordinates>
          <x0>562</x0>
          <y0>3260</y0>
          <x1>705</x1>
          <y1>3286</y1>
        </Coordinates>
        <OcrConfidence>45</OcrConfidence>
      </Span>
      <Span>
        <Value>Freddie</Value>
        <Coordinates>
          <x0>232</x0>
          <y0>3285</y0>
          <x1>327</x1>
          <y1>3311</y1>
        </Coordinates>
        <OcrConfidence>16</OcrConfidence>
      </Span>
      <Span>
        <Value>ltac</Value>
        <Coordinates>
          <x0>334</x0>
          <y0>3284</y0>
          <x1>387</x1>
          <y1>3312</y1>
        </Coordinates>
        <OcrConfidence>16</OcrConfidence>
      </Span>
      <Span>
        <Value>Form</Value>
        <Coordinates>
          <x0>395</x0>
          <y0>3289</y0>
          <x1>462</x1>
          <y1>3311</y1>
        </Coordinates>
        <OcrConfidence>16</OcrConfidence>
      </Span>
      <Span>
        <Value>65</Value>
        <Coordinates>
          <x0>472</x0>
          <y0>3289</y0>
          <x1>501</x1>
          <y1>3311</y1>
        </Coordinates>
        <OcrConfidence>16</OcrConfidence>
      </Span>
      <Span>
        <Value>7/05</Value>
        <Coordinates>
          <x0>537</x0>
          <y0>3289</y0>
          <x1>587</x1>
          <y1>3315</y1>
        </Coordinates>
        <OcrConfidence>16</OcrConfidence>
      </Span>
      <Span>
        <Value>(rev.</Value>
        <Coordinates>
          <x0>598</x0>
          <y0>3289</y0>
          <x1>653</x1>
          <y1>3315</y1>
        </Coordinates>
        <OcrConfidence>16</OcrConfidence>
      </Span>
      <Span>
        <Value>6/09)</Value>
        <Coordinates>
          <x0>662</x0>
          <y0>3289</y0>
          <x1>721</x1>
          <y1>3315</y1>
        </Coordinates>
        <OcrConfidence>16</OcrConfidence>
      </Span>
      <Span>
        <Value>FAnnie</Value>
        <Coordinates>
          <x0>1963</x0>
          <y0>3289</y0>
          <x1>2049</x1>
          <y1>3310</y1>
        </Coordinates>
        <OcrConfidence>19</OcrConfidence>
      </Span>
      <Span>
        <Value>Mae</Value>
        <Coordinates>
          <x0>2056</x0>
          <y0>3289</y0>
          <x1>2112</x1>
          <y1>3310</y1>
        </Coordinates>
        <OcrConfidence>19</OcrConfidence>
      </Span>
      <Span>
        <Value>Form</Value>
        <Coordinates>
          <x0>2121</x0>
          <y0>3288</y0>
          <x1>2187</x1>
          <y1>3310</y1>
        </Coordinates>
        <OcrConfidence>19</OcrConfidence>
      </Span>
      <Span>
        <Value>1003</Value>
        <Coordinates>
          <x0>2200</x0>
          <y0>3288</y0>
          <x1>2255</x1>
          <y1>3311</y1>
        </Coordinates>
        <OcrConfidence>19</OcrConfidence>
      </Span>
      <Span>
        <Value>7/05</Value>
        <Coordinates>
          <x0>2291</x0>
          <y0>3288</y0>
          <x1>2344</x1>
          <y1>3314</y1>
        </Coordinates>
        <OcrConfidence>19</OcrConfidence>
      </Span>
      <Span>
        <Value>(rev.</Value>
        <Coordinates>
          <x0>2352</x0>
          <y0>3288</y0>
          <x1>2409</x1>
          <y1>3314</y1>
        </Coordinates>
        <OcrConfidence>19</OcrConfidence>
      </Span>
      <Span>
        <Value>6/09)</Value>
        <Coordinates>
          <x0>2417</x0>
          <y0>3288</y0>
          <x1>2474</x1>
          <y1>3313</y1>
        </Coordinates>
        <OcrConfidence>19</OcrConfidence>
      </Span>
      <Span>
        <Value>e</Value>
        <Coordinates>
          <x0>231</x0>
          <y0>3319</y0>
          <x1>277</x1>
          <y1>3346</y1>
        </Coordinates>
        <OcrConfidence>33</OcrConfidence>
      </Span>
      <Span>
        <Value>41§3.872</Value>
        <Coordinates>
          <x0>319</x0>
          <y0>3313</y0>
          <x1>433</x1>
          <y1>3345</y1>
        </Coordinates>
        <OcrConfidence>33</OcrConfidence>
      </Span>
      <Span>
        <Value>Page</Value>
        <Coordinates>
          <x0>1259</x0>
          <y0>3323</y0>
          <x1>1320</x1>
          <y1>3350</y1>
        </Coordinates>
        <OcrConfidence>100</OcrConfidence>
      </Span>
      <Span>
        <Value>5</Value>
        <Coordinates>
          <x0>1340</x0>
          <y0>3323</y0>
          <x1>1352</x1>
          <y1>3345</y1>
        </Coordinates>
        <OcrConfidence>100</OcrConfidence>
      </Span>
      <Span>
        <Value>of</Value>
        <Coordinates>
          <x0>1375</x0>
          <y0>3322</y0>
          <x1>1405</x1>
          <y1>3345</y1>
        </Coordinates>
        <OcrConfidence>100</OcrConfidence>
      </Span>
      <Span>
        <Value>5</Value>
        <Coordinates>
          <x0>1425</x0>
          <y0>3323</y0>
          <x1>1437</x1>
          <y1>3345</y1>
        </Coordinates>
        <OcrConfidence>100</OcrConfidence>
      </Span>
      <Span>
        <Value>2865386-9372-5-5</Value>
        <Coordinates>
          <x0>1194</x0>
          <y0>3486</y0>
          <x1>1510</x1>
          <y1>3514</y1>
        </Coordinates>
        <OcrConfidence>88</OcrConfidence>
      </Span>
    </Spans>
    <Barcodes />
    <HocrContent>2865386 il¢l.Avull]Guiltlim,0121111.7..11.ey.vy#NUM[zwN[D]illlllllllilllllllllllllllll Use this continuation sheet if you nced Borrower: Agency Case Number: more space to complete the Residential JOCELYN RUBI GUEVARA Loan Application. Mark B for Borrower Co-Borrower: Lender Case Number: or C for Co-Bomower. 2865386 I/We fully understand that it is a Federal crime punishable by fine or imprisonment, or both, to knowingly make any false statements concerning any of the above facts as apulicable under the provitions of Title 18, United States Code, Section 1001. et seq. B©Awets Sigilture Date Co-Borrower's Signature Date xC X Uniforni Residential Loan Application Freddie ltac Form 65 7/05 (rev. 6/09) FAnnie Mae Form 1003 7/05 (rev. 6/09) e 41§3.872 Page 5 of 5 2865386-9372-5-5 </HocrContent>
  </HocrPage>
</HocrPages>