<?xml version="1.0" encoding="utf-8"?>
<HocrPages xmlns:xsi="http://www.w3.org/2001/XMLSchema-instance" xmlns:xsd="http://www.w3.org/2001/XMLSchema">
  <Signature>ephesoftbaadb1d84221e2ece2e8a86107ebe45085bbed05</Signature>
  <HocrPage>
    <PageID>PG29</PageID>
    <Title>OCR Output</Title>
    <Orientation>0</Orientation>
    <DeskewAngle>0</DeskewAngle>
    <LanguageCode>en</LanguageCode>
    <Corners>
      <Corner>
        <X>0</X>
        <Y>0</Y>
      </Corner>
      <Corner>
        <X>1700</X>
        <Y>0</Y>
      </Corner>
      <Corner>
        <X>1700</X>
        <Y>2407</Y>
      </Corner>
      <Corner>
        <X>0</X>
        <Y>2407</Y>
      </Corner>
    </Corners>
    <Spans>
      <Span>
        <Value>Notice</Value>
        <Coordinates>
          <x0>501</x0>
          <y0>340</y0>
          <x1>609</x1>
          <y1>367</y1>
        </Coordinates>
        <OcrConfidence>98</OcrConfidence>
      </Span>
      <Span>
        <Value>of</Value>
        <Coordinates>
          <x0>619</x0>
          <y0>339</y0>
          <x1>655</x1>
          <y1>367</y1>
        </Coordinates>
        <OcrConfidence>98</OcrConfidence>
      </Span>
      <Span>
        <Value>Change</Value>
        <Coordinates>
          <x0>663</x0>
          <y0>339</y0>
          <x1>793</x1>
          <y1>374</y1>
        </Coordinates>
        <OcrConfidence>98</OcrConfidence>
      </Span>
      <Span>
        <Value>Circumstances</Value>
        <Coordinates>
          <x0>803</x0>
          <y0>340</y0>
          <x1>1052</x1>
          <y1>367</y1>
        </Coordinates>
        <OcrConfidence>98</OcrConfidence>
      </Span>
      <Span>
        <Value>Reasons</Value>
        <Coordinates>
          <x0>1063</x0>
          <y0>341</y0>
          <x1>1203</x1>
          <y1>367</y1>
        </Coordinates>
        <OcrConfidence>98</OcrConfidence>
      </Span>
      <Span>
        <Value>Date</Value>
        <Coordinates>
          <x0>119</x0>
          <y0>447</y0>
          <x1>170</x1>
          <y1>467</y1>
        </Coordinates>
        <OcrConfidence>100</OcrConfidence>
      </Span>
      <Span>
        <Value>ofChange:</Value>
        <Coordinates>
          <x0>177</x0>
          <y0>447</y0>
          <x1>297</x1>
          <y1>472</y1>
        </Coordinates>
        <OcrConfidence>100</OcrConfidence>
      </Span>
      <Span>
        <Value>June</Value>
        <Coordinates>
          <x0>322</x0>
          <y0>449</y0>
          <x1>380</x1>
          <y1>468</y1>
        </Coordinates>
        <OcrConfidence>100</OcrConfidence>
      </Span>
      <Span>
        <Value>20,2019</Value>
        <Coordinates>
          <x0>387</x0>
          <y0>448</y0>
          <x1>490</x1>
          <y1>472</y1>
        </Coordinates>
        <OcrConfidence>100</OcrConfidence>
      </Span>
      <Span>
        <Value>Loan</Value>
        <Coordinates>
          <x0>945</x0>
          <y0>448</y0>
          <x1>997</x1>
          <y1>467</y1>
        </Coordinates>
        <OcrConfidence>98</OcrConfidence>
      </Span>
      <Span>
        <Value>Number:</Value>
        <Coordinates>
          <x0>1006</x0>
          <y0>447</y0>
          <x1>1104</x1>
          <y1>468</y1>
        </Coordinates>
        <OcrConfidence>98</OcrConfidence>
      </Span>
      <Span>
        <Value>PCW1904021579</Value>
        <Coordinates>
          <x0>1126</x0>
          <y0>448</y0>
          <x1>1334</x1>
          <y1>468</y1>
        </Coordinates>
        <OcrConfidence>98</OcrConfidence>
      </Span>
      <Span>
        <Value>Borrower(s):</Value>
        <Coordinates>
          <x0>119</x0>
          <y0>514</y0>
          <x1>252</x1>
          <y1>535</y1>
        </Coordinates>
        <OcrConfidence>88</OcrConfidence>
      </Span>
      <Span>
        <Value>Christopher</Value>
        <Coordinates>
          <x0>272</x0>
          <y0>514</y0>
          <x1>420</x1>
          <y1>537</y1>
        </Coordinates>
        <OcrConfidence>88</OcrConfidence>
      </Span>
      <Span>
        <Value>Wetteland</Value>
        <Coordinates>
          <x0>425</x0>
          <y0>514</y0>
          <x1>552</x1>
          <y1>533</y1>
        </Coordinates>
        <OcrConfidence>88</OcrConfidence>
      </Span>
      <Span>
        <Value>Property</Value>
        <Coordinates>
          <x0>119</x0>
          <y0>648</y0>
          <x1>215</x1>
          <y1>673</y1>
        </Coordinates>
        <OcrConfidence>98</OcrConfidence>
      </Span>
      <Span>
        <Value>Address:</Value>
        <Coordinates>
          <x0>221</x0>
          <y0>648</y0>
          <x1>316</x1>
          <y1>668</y1>
        </Coordinates>
        <OcrConfidence>98</OcrConfidence>
      </Span>
      <Span>
        <Value>1256</Value>
        <Coordinates>
          <x0>340</x0>
          <y0>648</y0>
          <x1>400</x1>
          <y1>668</y1>
        </Coordinates>
        <OcrConfidence>98</OcrConfidence>
      </Span>
      <Span>
        <Value>Portmoor</Value>
        <Coordinates>
          <x0>408</x0>
          <y0>648</y0>
          <x1>526</x1>
          <y1>673</y1>
        </Coordinates>
        <OcrConfidence>98</OcrConfidence>
      </Span>
      <Span>
        <Value>Way</Value>
        <Coordinates>
          <x0>532</x0>
          <y0>648</y0>
          <x1>584</x1>
          <y1>673</y1>
        </Coordinates>
        <OcrConfidence>98</OcrConfidence>
      </Span>
      <Span>
        <Value>Winter</Value>
        <Coordinates>
          <x0>338</x0>
          <y0>679</y0>
          <x1>423</x1>
          <y1>698</y1>
        </Coordinates>
        <OcrConfidence>98</OcrConfidence>
      </Span>
      <Span>
        <Value>Garden,</Value>
        <Coordinates>
          <x0>430</x0>
          <y0>679</y0>
          <x1>526</x1>
          <y1>702</y1>
        </Coordinates>
        <OcrConfidence>98</OcrConfidence>
      </Span>
      <Span>
        <Value>FL</Value>
        <Coordinates>
          <x0>535</x0>
          <y0>679</y0>
          <x1>561</x1>
          <y1>698</y1>
        </Coordinates>
        <OcrConfidence>98</OcrConfidence>
      </Span>
      <Span>
        <Value>34787</Value>
        <Coordinates>
          <x0>569</x0>
          <y0>679</y0>
          <x1>643</x1>
          <y1>698</y1>
        </Coordinates>
        <OcrConfidence>98</OcrConfidence>
      </Span>
      <Span>
        <Value>Lender</Value>
        <Coordinates>
          <x0>119</x0>
          <y0>755</y0>
          <x1>199</x1>
          <y1>774</y1>
        </Coordinates>
        <OcrConfidence>66</OcrConfidence>
      </Span>
      <Span>
        <Value>1st</Value>
        <Coordinates>
          <x0>213</x0>
          <y0>755</y0>
          <x1>246</x1>
          <y1>775</y1>
        </Coordinates>
        <OcrConfidence>66</OcrConfidence>
      </Span>
      <Span>
        <Value>Financial,</Value>
        <Coordinates>
          <x0>252</x0>
          <y0>754</y0>
          <x1>359</x1>
          <y1>779</y1>
        </Coordinates>
        <OcrConfidence>66</OcrConfidence>
      </Span>
      <Span>
        <Value>Inc.</Value>
        <Coordinates>
          <x0>369</x0>
          <y0>755</y0>
          <x1>405</x1>
          <y1>775</y1>
        </Coordinates>
        <OcrConfidence>66</OcrConfidence>
      </Span>
      <Span>
        <Value>Previously,</Value>
        <Coordinates>
          <x0>119</x0>
          <y0>848</y0>
          <x1>236</x1>
          <y1>873</y1>
        </Coordinates>
        <OcrConfidence>77</OcrConfidence>
      </Span>
      <Span>
        <Value>in</Value>
        <Coordinates>
          <x0>245</x0>
          <y0>848</y0>
          <x1>263</x1>
          <y1>867</y1>
        </Coordinates>
        <OcrConfidence>77</OcrConfidence>
      </Span>
      <Span>
        <Value>connection</Value>
        <Coordinates>
          <x0>272</x0>
          <y0>850</y0>
          <x1>400</x1>
          <y1>868</y1>
        </Coordinates>
        <OcrConfidence>77</OcrConfidence>
      </Span>
      <Span>
        <Value>with</Value>
        <Coordinates>
          <x0>409</x0>
          <y0>848</y0>
          <x1>457</x1>
          <y1>873</y1>
        </Coordinates>
        <OcrConfidence>77</OcrConfidence>
      </Span>
      <Span>
        <Value>your</Value>
        <Coordinates>
          <x0>466</x0>
          <y0>848</y0>
          <x1>517</x1>
          <y1>873</y1>
        </Coordinates>
        <OcrConfidence>77</OcrConfidence>
      </Span>
      <Span>
        <Value>loan</Value>
        <Coordinates>
          <x0>525</x0>
          <y0>848</y0>
          <x1>571</x1>
          <y1>868</y1>
        </Coordinates>
        <OcrConfidence>77</OcrConfidence>
      </Span>
      <Span>
        <Value>application,</Value>
        <Coordinates>
          <x0>581</x0>
          <y0>848</y0>
          <x1>712</x1>
          <y1>873</y1>
        </Coordinates>
        <OcrConfidence>77</OcrConfidence>
      </Span>
      <Span>
        <Value>you</Value>
        <Coordinates>
          <x0>720</x0>
          <y0>854</y0>
          <x1>760</x1>
          <y1>873</y1>
        </Coordinates>
        <OcrConfidence>77</OcrConfidence>
      </Span>
      <Span>
        <Value>were</Value>
        <Coordinates>
          <x0>769</x0>
          <y0>848</y0>
          <x1>824</x1>
          <y1>868</y1>
        </Coordinates>
        <OcrConfidence>77</OcrConfidence>
      </Span>
      <Span>
        <Value>provided</Value>
        <Coordinates>
          <x0>833</x0>
          <y0>848</y0>
          <x1>932</x1>
          <y1>873</y1>
        </Coordinates>
        <OcrConfidence>77</OcrConfidence>
      </Span>
      <Span>
        <Value>a</Value>
        <Coordinates>
          <x0>941</x0>
          <y0>849</y0>
          <x1>952</x1>
          <y1>868</y1>
        </Coordinates>
        <OcrConfidence>77</OcrConfidence>
      </Span>
      <Span>
        <Value>Loan</Value>
        <Coordinates>
          <x0>962</x0>
          <y0>848</y0>
          <x1>1015</x1>
          <y1>868</y1>
        </Coordinates>
        <OcrConfidence>77</OcrConfidence>
      </Span>
      <Span>
        <Value>Estimate</Value>
        <Coordinates>
          <x0>1025</x0>
          <y0>848</y0>
          <x1>1121</x1>
          <y1>868</y1>
        </Coordinates>
        <OcrConfidence>77</OcrConfidence>
      </Span>
      <Span>
        <Value>disclosure</Value>
        <Coordinates>
          <x0>1129</x0>
          <y0>848</y0>
          <x1>1241</x1>
          <y1>868</y1>
        </Coordinates>
        <OcrConfidence>77</OcrConfidence>
      </Span>
      <Span>
        <Value>that</Value>
        <Coordinates>
          <x0>1249</x0>
          <y0>848</y0>
          <x1>1294</x1>
          <y1>868</y1>
        </Coordinates>
        <OcrConfidence>77</OcrConfidence>
      </Span>
      <Span>
        <Value>contained</Value>
        <Coordinates>
          <x0>1303</x0>
          <y0>848</y0>
          <x1>1414</x1>
          <y1>868</y1>
        </Coordinates>
        <OcrConfidence>77</OcrConfidence>
      </Span>
      <Span>
        <Value>an</Value>
        <Coordinates>
          <x0>1424</x0>
          <y0>848</y0>
          <x1>1450</x1>
          <y1>868</y1>
        </Coordinates>
        <OcrConfidence>77</OcrConfidence>
      </Span>
      <Span>
        <Value>estimate</Value>
        <Coordinates>
          <x0>1459</x0>
          <y0>848</y0>
          <x1>1555</x1>
          <y1>868</y1>
        </Coordinates>
        <OcrConfidence>77</OcrConfidence>
      </Span>
      <Span>
        <Value>of</Value>
        <Coordinates>
          <x0>1563</x0>
          <y0>848</y0>
          <x1>1586</x1>
          <y1>868</y1>
        </Coordinates>
        <OcrConfidence>77</OcrConfidence>
      </Span>
      <Span>
        <Value>loan</Value>
        <Coordinates>
          <x0>119</x0>
          <y0>882</y0>
          <x1>165</x1>
          <y1>901</y1>
        </Coordinates>
        <OcrConfidence>71</OcrConfidence>
      </Span>
      <Span>
        <Value>costs</Value>
        <Coordinates>
          <x0>172</x0>
          <y0>884</y0>
          <x1>228</x1>
          <y1>901</y1>
        </Coordinates>
        <OcrConfidence>71</OcrConfidence>
      </Span>
      <Span>
        <Value>and</Value>
        <Coordinates>
          <x0>234</x0>
          <y0>882</y0>
          <x1>275</x1>
          <y1>901</y1>
        </Coordinates>
        <OcrConfidence>71</OcrConfidence>
      </Span>
      <Span>
        <Value>loan</Value>
        <Coordinates>
          <x0>284</x0>
          <y0>881</y0>
          <x1>330</x1>
          <y1>901</y1>
        </Coordinates>
        <OcrConfidence>71</OcrConfidence>
      </Span>
      <Span>
        <Value>terms</Value>
        <Coordinates>
          <x0>336</x0>
          <y0>881</y0>
          <x1>401</x1>
          <y1>901</y1>
        </Coordinates>
        <OcrConfidence>71</OcrConfidence>
      </Span>
      <Span>
        <Value>forthe</Value>
        <Coordinates>
          <x0>407</x0>
          <y0>881</y0>
          <x1>480</x1>
          <y1>901</y1>
        </Coordinates>
        <OcrConfidence>71</OcrConfidence>
      </Span>
      <Span>
        <Value>mortgage</Value>
        <Coordinates>
          <x0>487</x0>
          <y0>882</y0>
          <x1>598</x1>
          <y1>906</y1>
        </Coordinates>
        <OcrConfidence>71</OcrConfidence>
      </Span>
      <Span>
        <Value>loan</Value>
        <Coordinates>
          <x0>606</x0>
          <y0>881</y0>
          <x1>652</x1>
          <y1>901</y1>
        </Coordinates>
        <OcrConfidence>71</OcrConfidence>
      </Span>
      <Span>
        <Value>sought.</Value>
        <Coordinates>
          <x0>659</x0>
          <y0>881</y0>
          <x1>743</x1>
          <y1>906</y1>
        </Coordinates>
        <OcrConfidence>71</OcrConfidence>
      </Span>
      <Span>
        <Value>Forone</Value>
        <Coordinates>
          <x0>750</x0>
          <y0>883</y0>
          <x1>833</x1>
          <y1>901</y1>
        </Coordinates>
        <OcrConfidence>71</OcrConfidence>
      </Span>
      <Span>
        <Value>or</Value>
        <Coordinates>
          <x0>839</x0>
          <y0>888</y0>
          <x1>862</x1>
          <y1>901</y1>
        </Coordinates>
        <OcrConfidence>71</OcrConfidence>
      </Span>
      <Span>
        <Value>more</Value>
        <Coordinates>
          <x0>868</x0>
          <y0>881</y0>
          <x1>926</x1>
          <y1>901</y1>
        </Coordinates>
        <OcrConfidence>71</OcrConfidence>
      </Span>
      <Span>
        <Value>ofthe</Value>
        <Coordinates>
          <x0>933</x0>
          <y0>881</y0>
          <x1>996</x1>
          <y1>901</y1>
        </Coordinates>
        <OcrConfidence>71</OcrConfidence>
      </Span>
      <Span>
        <Value>following</Value>
        <Coordinates>
          <x0>1002</x0>
          <y0>881</y0>
          <x1>1108</x1>
          <y1>906</y1>
        </Coordinates>
        <OcrConfidence>71</OcrConfidence>
      </Span>
      <Span>
        <Value>reasons</Value>
        <Coordinates>
          <x0>1116</x0>
          <y0>881</y0>
          <x1>1200</x1>
          <y1>901</y1>
        </Coordinates>
        <OcrConfidence>71</OcrConfidence>
      </Span>
      <Span>
        <Value>indicated</Value>
        <Coordinates>
          <x0>1207</x0>
          <y0>882</y0>
          <x1>1310</x1>
          <y1>902</y1>
        </Coordinates>
        <OcrConfidence>71</OcrConfidence>
      </Span>
      <Span>
        <Value>below,</Value>
        <Coordinates>
          <x0>1318</x0>
          <y0>882</y0>
          <x1>1391</x1>
          <y1>904</y1>
        </Coordinates>
        <OcrConfidence>71</OcrConfidence>
      </Span>
      <Span>
        <Value>we</Value>
        <Coordinates>
          <x0>1396</x0>
          <y0>887</y0>
          <x1>1429</x1>
          <y1>901</y1>
        </Coordinates>
        <OcrConfidence>71</OcrConfidence>
      </Span>
      <Span>
        <Value>are</Value>
        <Coordinates>
          <x0>1435</x0>
          <y0>881</y0>
          <x1>1469</x1>
          <y1>901</y1>
        </Coordinates>
        <OcrConfidence>71</OcrConfidence>
      </Span>
      <Span>
        <Value>providing</Value>
        <Coordinates>
          <x0>1477</x0>
          <y0>882</y0>
          <x1>1582</x1>
          <y1>906</y1>
        </Coordinates>
        <OcrConfidence>71</OcrConfidence>
      </Span>
      <Span>
        <Value>you</Value>
        <Coordinates>
          <x0>117</x0>
          <y0>921</y0>
          <x1>158</x1>
          <y1>940</y1>
        </Coordinates>
        <OcrConfidence>98</OcrConfidence>
      </Span>
      <Span>
        <Value>with</Value>
        <Coordinates>
          <x0>166</x0>
          <y0>915</y0>
          <x1>214</x1>
          <y1>934</y1>
        </Coordinates>
        <OcrConfidence>98</OcrConfidence>
      </Span>
      <Span>
        <Value>a</Value>
        <Coordinates>
          <x0>222</x0>
          <y0>915</y0>
          <x1>233</x1>
          <y1>934</y1>
        </Coordinates>
        <OcrConfidence>98</OcrConfidence>
      </Span>
      <Span>
        <Value>revised</Value>
        <Coordinates>
          <x0>241</x0>
          <y0>915</y0>
          <x1>319</x1>
          <y1>934</y1>
        </Coordinates>
        <OcrConfidence>98</OcrConfidence>
      </Span>
      <Span>
        <Value>Loan</Value>
        <Coordinates>
          <x0>328</x0>
          <y0>915</y0>
          <x1>382</x1>
          <y1>934</y1>
        </Coordinates>
        <OcrConfidence>98</OcrConfidence>
      </Span>
      <Span>
        <Value>Estimate.</Value>
        <Coordinates>
          <x0>391</x0>
          <y0>916</y0>
          <x1>490</x1>
          <y1>934</y1>
        </Coordinates>
        <OcrConfidence>98</OcrConfidence>
      </Span>
      <Span>
        <Value>Il</Value>
        <Coordinates>
          <x0>116</x0>
          <y0>976</y0>
          <x1>142</x1>
          <y1>1001</y1>
        </Coordinates>
        <OcrConfidence>50</OcrConfidence>
      </Span>
      <Span>
        <Value>Change</Value>
        <Coordinates>
          <x0>154</x0>
          <y0>981</y0>
          <x1>240</x1>
          <y1>1005</y1>
        </Coordinates>
        <OcrConfidence>50</OcrConfidence>
      </Span>
      <Span>
        <Value>Circumstance</Value>
        <Coordinates>
          <x0>247</x0>
          <y0>981</y0>
          <x1>401</x1>
          <y1>1001</y1>
        </Coordinates>
        <OcrConfidence>50</OcrConfidence>
      </Span>
      <Span>
        <Value>affecting</Value>
        <Coordinates>
          <x0>408</x0>
          <y0>981</y0>
          <x1>506</x1>
          <y1>1006</y1>
        </Coordinates>
        <OcrConfidence>50</OcrConfidence>
      </Span>
      <Span>
        <Value>Settlement</Value>
        <Coordinates>
          <x0>514</x0>
          <y0>981</y0>
          <x1>638</x1>
          <y1>1001</y1>
        </Coordinates>
        <OcrConfidence>50</OcrConfidence>
      </Span>
      <Span>
        <Value>Charges;</Value>
        <Coordinates>
          <x0>645</x0>
          <y0>982</y0>
          <x1>741</x1>
          <y1>1006</y1>
        </Coordinates>
        <OcrConfidence>50</OcrConfidence>
      </Span>
      <Span>
        <Value>El</Value>
        <Coordinates>
          <x0>116</x0>
          <y0>1042</y0>
          <x1>142</x1>
          <y1>1069</y1>
        </Coordinates>
        <OcrConfidence>50</OcrConfidence>
      </Span>
      <Span>
        <Value>Change</Value>
        <Coordinates>
          <x0>154</x0>
          <y0>1048</y0>
          <x1>240</x1>
          <y1>1073</y1>
        </Coordinates>
        <OcrConfidence>50</OcrConfidence>
      </Span>
      <Span>
        <Value>Circumstance</Value>
        <Coordinates>
          <x0>248</x0>
          <y0>1048</y0>
          <x1>401</x1>
          <y1>1068</y1>
        </Coordinates>
        <OcrConfidence>50</OcrConfidence>
      </Span>
      <Span>
        <Value>affecting</Value>
        <Coordinates>
          <x0>408</x0>
          <y0>1048</y0>
          <x1>506</x1>
          <y1>1073</y1>
        </Coordinates>
        <OcrConfidence>50</OcrConfidence>
      </Span>
      <Span>
        <Value>Eligibility;</Value>
        <Coordinates>
          <x0>515</x0>
          <y0>1048</y0>
          <x1>621</x1>
          <y1>1073</y1>
        </Coordinates>
        <OcrConfidence>50</OcrConfidence>
      </Span>
      <Span>
        <Value>U</Value>
        <Coordinates>
          <x0>116</x0>
          <y0>1109</y0>
          <x1>141</x1>
          <y1>1134</y1>
        </Coordinates>
        <OcrConfidence>28</OcrConfidence>
      </Span>
      <Span>
        <Value>You</Value>
        <Coordinates>
          <x0>152</x0>
          <y0>1116</y0>
          <x1>194</x1>
          <y1>1138</y1>
        </Coordinates>
        <OcrConfidence>28</OcrConfidence>
      </Span>
      <Span>
        <Value>requested</Value>
        <Coordinates>
          <x0>202</x0>
          <y0>1115</y0>
          <x1>314</x1>
          <y1>1140</y1>
        </Coordinates>
        <OcrConfidence>28</OcrConfidence>
      </Span>
      <Span>
        <Value>changes</Value>
        <Coordinates>
          <x0>322</x0>
          <y0>1115</y0>
          <x1>417</x1>
          <y1>1140</y1>
        </Coordinates>
        <OcrConfidence>28</OcrConfidence>
      </Span>
      <Span>
        <Value>to</Value>
        <Coordinates>
          <x0>423</x0>
          <y0>1118</y0>
          <x1>446</x1>
          <y1>1134</y1>
        </Coordinates>
        <OcrConfidence>28</OcrConfidence>
      </Span>
      <Span>
        <Value>the</Value>
        <Coordinates>
          <x0>453</x0>
          <y0>1115</y0>
          <x1>490</x1>
          <y1>1134</y1>
        </Coordinates>
        <OcrConfidence>28</OcrConfidence>
      </Span>
      <Span>
        <Value>mortgage</Value>
        <Coordinates>
          <x0>498</x0>
          <y0>1115</y0>
          <x1>609</x1>
          <y1>1140</y1>
        </Coordinates>
        <OcrConfidence>28</OcrConfidence>
      </Span>
      <Span>
        <Value>loan</Value>
        <Coordinates>
          <x0>617</x0>
          <y0>1115</y0>
          <x1>663</x1>
          <y1>1134</y1>
        </Coordinates>
        <OcrConfidence>28</OcrConfidence>
      </Span>
      <Span>
        <Value>sought</Value>
        <Coordinates>
          <x0>671</x0>
          <y0>1115</y0>
          <x1>750</x1>
          <y1>1140</y1>
        </Coordinates>
        <OcrConfidence>28</OcrConfidence>
      </Span>
      <Span>
        <Value>that</Value>
        <Coordinates>
          <x0>756</x0>
          <y0>1115</y0>
          <x1>801</x1>
          <y1>1134</y1>
        </Coordinates>
        <OcrConfidence>28</OcrConfidence>
      </Span>
      <Span>
        <Value>changes</Value>
        <Coordinates>
          <x0>808</x0>
          <y0>1115</y0>
          <x1>901</x1>
          <y1>1140</y1>
        </Coordinates>
        <OcrConfidence>28</OcrConfidence>
      </Span>
      <Span>
        <Value>the</Value>
        <Coordinates>
          <x0>908</x0>
          <y0>1115</y0>
          <x1>945</x1>
          <y1>1134</y1>
        </Coordinates>
        <OcrConfidence>28</OcrConfidence>
      </Span>
      <Span>
        <Value>loan</Value>
        <Coordinates>
          <x0>953</x0>
          <y0>1115</y0>
          <x1>999</x1>
          <y1>1134</y1>
        </Coordinates>
        <OcrConfidence>28</OcrConfidence>
      </Span>
      <Span>
        <Value>costs</Value>
        <Coordinates>
          <x0>1007</x0>
          <y0>1118</y0>
          <x1>1063</x1>
          <y1>1134</y1>
        </Coordinates>
        <OcrConfidence>28</OcrConfidence>
      </Span>
      <Span>
        <Value>or</Value>
        <Coordinates>
          <x0>1070</x0>
          <y0>1118</y0>
          <x1>1094</x1>
          <y1>1134</y1>
        </Coordinates>
        <OcrConfidence>28</OcrConfidence>
      </Span>
      <Span>
        <Value>the</Value>
        <Coordinates>
          <x0>1100</x0>
          <y0>1115</y0>
          <x1>1137</x1>
          <y1>1134</y1>
        </Coordinates>
        <OcrConfidence>28</OcrConfidence>
      </Span>
      <Span>
        <Value>loan</Value>
        <Coordinates>
          <x0>1145</x0>
          <y0>1115</y0>
          <x1>1191</x1>
          <y1>1134</y1>
        </Coordinates>
        <OcrConfidence>28</OcrConfidence>
      </Span>
      <Span>
        <Value>terms;</Value>
        <Coordinates>
          <x0>1198</x0>
          <y0>1118</y0>
          <x1>1267</x1>
          <y1>1137</y1>
        </Coordinates>
        <OcrConfidence>28</OcrConfidence>
      </Span>
      <Span>
        <Value>®</Value>
        <Coordinates>
          <x0>116</x0>
          <y0>1176</y0>
          <x1>141</x1>
          <y1>1201</y1>
        </Coordinates>
        <OcrConfidence>77</OcrConfidence>
      </Span>
      <Span>
        <Value>You</Value>
        <Coordinates>
          <x0>152</x0>
          <y0>1182</y0>
          <x1>194</x1>
          <y1>1201</y1>
        </Coordinates>
        <OcrConfidence>77</OcrConfidence>
      </Span>
      <Span>
        <Value>have</Value>
        <Coordinates>
          <x0>202</x0>
          <y0>1182</y0>
          <x1>255</x1>
          <y1>1201</y1>
        </Coordinates>
        <OcrConfidence>77</OcrConfidence>
      </Span>
      <Span>
        <Value>chosen</Value>
        <Coordinates>
          <x0>262</x0>
          <y0>1182</y0>
          <x1>341</x1>
          <y1>1201</y1>
        </Coordinates>
        <OcrConfidence>77</OcrConfidence>
      </Span>
      <Span>
        <Value>to</Value>
        <Coordinates>
          <x0>349</x0>
          <y0>1182</y0>
          <x1>373</x1>
          <y1>1201</y1>
        </Coordinates>
        <OcrConfidence>77</OcrConfidence>
      </Span>
      <Span>
        <Value>lock</Value>
        <Coordinates>
          <x0>381</x0>
          <y0>1182</y0>
          <x1>425</x1>
          <y1>1207</y1>
        </Coordinates>
        <OcrConfidence>77</OcrConfidence>
      </Span>
      <Span>
        <Value>your</Value>
        <Coordinates>
          <x0>431</x0>
          <y0>1183</y0>
          <x1>482</x1>
          <y1>1207</y1>
        </Coordinates>
        <OcrConfidence>77</OcrConfidence>
      </Span>
      <Span>
        <Value>Rate</Value>
        <Coordinates>
          <x0>490</x0>
          <y0>1182</y0>
          <x1>537</x1>
          <y1>1201</y1>
        </Coordinates>
        <OcrConfidence>77</OcrConfidence>
      </Span>
      <Span>
        <Value>affecting</Value>
        <Coordinates>
          <x0>545</x0>
          <y0>1181</y0>
          <x1>643</x1>
          <y1>1206</y1>
        </Coordinates>
        <OcrConfidence>77</OcrConfidence>
      </Span>
      <Span>
        <Value>Interest</Value>
        <Coordinates>
          <x0>652</x0>
          <y0>1183</y0>
          <x1>735</x1>
          <y1>1201</y1>
        </Coordinates>
        <OcrConfidence>77</OcrConfidence>
      </Span>
      <Span>
        <Value>Rate</Value>
        <Coordinates>
          <x0>743</x0>
          <y0>1182</y0>
          <x1>791</x1>
          <y1>1201</y1>
        </Coordinates>
        <OcrConfidence>77</OcrConfidence>
      </Span>
      <Span>
        <Value>Dependent</Value>
        <Coordinates>
          <x0>799</x0>
          <y0>1182</y0>
          <x1>926</x1>
          <y1>1206</y1>
        </Coordinates>
        <OcrConfidence>77</OcrConfidence>
      </Span>
      <Span>
        <Value>charges</Value>
        <Coordinates>
          <x0>933</x0>
          <y0>1182</y0>
          <x1>1020</x1>
          <y1>1206</y1>
        </Coordinates>
        <OcrConfidence>77</OcrConfidence>
      </Span>
      <Span>
        <Value>and</Value>
        <Coordinates>
          <x0>1027</x0>
          <y0>1182</y0>
          <x1>1068</x1>
          <y1>1201</y1>
        </Coordinates>
        <OcrConfidence>77</OcrConfidence>
      </Span>
      <Span>
        <Value>terms;</Value>
        <Coordinates>
          <x0>1076</x0>
          <y0>1184</y0>
          <x1>1145</x1>
          <y1>1204</y1>
        </Coordinates>
        <OcrConfidence>77</OcrConfidence>
      </Span>
      <Span>
        <Value>U</Value>
        <Coordinates>
          <x0>116</x0>
          <y0>1242</y0>
          <x1>142</x1>
          <y1>1268</y1>
        </Coordinates>
        <OcrConfidence>28</OcrConfidence>
      </Span>
      <Span>
        <Value>The</Value>
        <Coordinates>
          <x0>152</x0>
          <y0>1247</y0>
          <x1>194</x1>
          <y1>1267</y1>
        </Coordinates>
        <OcrConfidence>28</OcrConfidence>
      </Span>
      <Span>
        <Value>loan</Value>
        <Coordinates>
          <x0>202</x0>
          <y0>1247</y0>
          <x1>249</x1>
          <y1>1267</y1>
        </Coordinates>
        <OcrConfidence>28</OcrConfidence>
      </Span>
      <Span>
        <Value>requested</Value>
        <Coordinates>
          <x0>257</x0>
          <y0>1248</y0>
          <x1>370</x1>
          <y1>1273</y1>
        </Coordinates>
        <OcrConfidence>28</OcrConfidence>
      </Span>
      <Span>
        <Value>is</Value>
        <Coordinates>
          <x0>379</x0>
          <y0>1249</y0>
          <x1>393</x1>
          <y1>1268</y1>
        </Coordinates>
        <OcrConfidence>28</OcrConfidence>
      </Span>
      <Span>
        <Value>a</Value>
        <Coordinates>
          <x0>401</x0>
          <y0>1254</y0>
          <x1>411</x1>
          <y1>1268</y1>
        </Coordinates>
        <OcrConfidence>28</OcrConfidence>
      </Span>
      <Span>
        <Value>new</Value>
        <Coordinates>
          <x0>420</x0>
          <y0>1248</y0>
          <x1>467</x1>
          <y1>1268</y1>
        </Coordinates>
        <OcrConfidence>28</OcrConfidence>
      </Span>
      <Span>
        <Value>home</Value>
        <Coordinates>
          <x0>475</x0>
          <y0>1248</y0>
          <x1>539</x1>
          <y1>1268</y1>
        </Coordinates>
        <OcrConfidence>28</OcrConfidence>
      </Span>
      <Span>
        <Value>loan</Value>
        <Coordinates>
          <x0>547</x0>
          <y0>1248</y0>
          <x1>593</x1>
          <y1>1268</y1>
        </Coordinates>
        <OcrConfidence>28</OcrConfidence>
      </Span>
      <Span>
        <Value>construction;</Value>
        <Coordinates>
          <x0>601</x0>
          <y0>1249</y0>
          <x1>747</x1>
          <y1>1271</y1>
        </Coordinates>
        <OcrConfidence>28</OcrConfidence>
      </Span>
      <Span>
        <Value>U</Value>
        <Coordinates>
          <x0>116</x0>
          <y0>1309</y0>
          <x1>142</x1>
          <y1>1335</y1>
        </Coordinates>
        <OcrConfidence>28</OcrConfidence>
      </Span>
      <Span>
        <Value>The</Value>
        <Coordinates>
          <x0>152</x0>
          <y0>1314</y0>
          <x1>194</x1>
          <y1>1335</y1>
        </Coordinates>
        <OcrConfidence>28</OcrConfidence>
      </Span>
      <Span>
        <Value>Loan</Value>
        <Coordinates>
          <x0>202</x0>
          <y0>1315</y0>
          <x1>255</x1>
          <y1>1335</y1>
        </Coordinates>
        <OcrConfidence>28</OcrConfidence>
      </Span>
      <Span>
        <Value>Estimate</Value>
        <Coordinates>
          <x0>264</x0>
          <y0>1315</y0>
          <x1>359</x1>
          <y1>1335</y1>
        </Coordinates>
        <OcrConfidence>28</OcrConfidence>
      </Span>
      <Span>
        <Value>has</Value>
        <Coordinates>
          <x0>368</x0>
          <y0>1315</y0>
          <x1>404</x1>
          <y1>1335</y1>
        </Coordinates>
        <OcrConfidence>28</OcrConfidence>
      </Span>
      <Span>
        <Value>expired;</Value>
        <Coordinates>
          <x0>412</x0>
          <y0>1315</y0>
          <x1>501</x1>
          <y1>1341</y1>
        </Coordinates>
        <OcrConfidence>28</OcrConfidence>
      </Span>
      <Span>
        <Value>or</Value>
        <Coordinates>
          <x0>508</x0>
          <y0>1321</y0>
          <x1>530</x1>
          <y1>1335</y1>
        </Coordinates>
        <OcrConfidence>28</OcrConfidence>
      </Span>
      <Span>
        <Value>C]</Value>
        <Coordinates>
          <x0>116</x0>
          <y0>1377</y0>
          <x1>142</x1>
          <y1>1402</y1>
        </Coordinates>
        <OcrConfidence>71</OcrConfidence>
      </Span>
      <Span>
        <Value>Other:</Value>
        <Coordinates>
          <x0>154</x0>
          <y0>1383</y0>
          <x1>223</x1>
          <y1>1403</y1>
        </Coordinates>
        <OcrConfidence>71</OcrConfidence>
      </Span>
      <Span>
        <Value>Changed</Value>
        <Coordinates>
          <x0>153</x0>
          <y0>1465</y0>
          <x1>256</x1>
          <y1>1490</y1>
        </Coordinates>
        <OcrConfidence>97</OcrConfidence>
      </Span>
      <Span>
        <Value>Circumstance</Value>
        <Coordinates>
          <x0>265</x0>
          <y0>1465</y0>
          <x1>422</x1>
          <y1>1485</y1>
        </Coordinates>
        <OcrConfidence>97</OcrConfidence>
      </Span>
      <Span>
        <Value>Description(s):</Value>
        <Coordinates>
          <x0>430</x0>
          <y0>1465</y0>
          <x1>592</x1>
          <y1>1490</y1>
        </Coordinates>
        <OcrConfidence>97</OcrConfidence>
      </Span>
      <Span>
        <Value>Locked</Value>
        <Coordinates>
          <x0>154</x0>
          <y0>1495</y0>
          <x1>235</x1>
          <y1>1515</y1>
        </Coordinates>
        <OcrConfidence>100</OcrConfidence>
      </Span>
      <Span>
        <Value>Loan</Value>
        <Coordinates>
          <x0>243</x0>
          <y0>1495</y0>
          <x1>297</x1>
          <y1>1515</y1>
        </Coordinates>
        <OcrConfidence>100</OcrConfidence>
      </Span>
      <Span>
        <Value>Comments:</Value>
        <Coordinates>
          <x0>153</x0>
          <y0>1556</y0>
          <x1>283</x1>
          <y1>1576</y1>
        </Coordinates>
        <OcrConfidence>100</OcrConfidence>
      </Span>
      <Span>
        <Value>Loan</Value>
        <Coordinates>
          <x0>154</x0>
          <y0>1587</y0>
          <x1>208</x1>
          <y1>1607</y1>
        </Coordinates>
        <OcrConfidence>98</OcrConfidence>
      </Span>
      <Span>
        <Value>file</Value>
        <Coordinates>
          <x0>215</x0>
          <y0>1587</y0>
          <x1>250</x1>
          <y1>1607</y1>
        </Coordinates>
        <OcrConfidence>98</OcrConfidence>
      </Span>
      <Span>
        <Value>was</Value>
        <Coordinates>
          <x0>256</x0>
          <y0>1587</y0>
          <x1>301</x1>
          <y1>1607</y1>
        </Coordinates>
        <OcrConfidence>98</OcrConfidence>
      </Span>
      <Span>
        <Value>locked</Value>
        <Coordinates>
          <x0>309</x0>
          <y0>1587</y0>
          <x1>383</x1>
          <y1>1607</y1>
        </Coordinates>
        <OcrConfidence>98</OcrConfidence>
      </Span>
      <Span>
        <Value>Should</Value>
        <Coordinates>
          <x0>117</x0>
          <y0>1695</y0>
          <x1>196</x1>
          <y1>1721</y1>
        </Coordinates>
        <OcrConfidence>68</OcrConfidence>
      </Span>
      <Span>
        <Value>you</Value>
        <Coordinates>
          <x0>205</x0>
          <y0>1696</y0>
          <x1>246</x1>
          <y1>1721</y1>
        </Coordinates>
        <OcrConfidence>68</OcrConfidence>
      </Span>
      <Span>
        <Value>have</Value>
        <Coordinates>
          <x0>255</x0>
          <y0>1696</y0>
          <x1>309</x1>
          <y1>1715</y1>
        </Coordinates>
        <OcrConfidence>68</OcrConfidence>
      </Span>
      <Span>
        <Value>any</Value>
        <Coordinates>
          <x0>317</x0>
          <y0>1696</y0>
          <x1>357</x1>
          <y1>1721</y1>
        </Coordinates>
        <OcrConfidence>68</OcrConfidence>
      </Span>
      <Span>
        <Value>questions</Value>
        <Coordinates>
          <x0>365</x0>
          <y0>1696</y0>
          <x1>477</x1>
          <y1>1720</y1>
        </Coordinates>
        <OcrConfidence>68</OcrConfidence>
      </Span>
      <Span>
        <Value>regarding</Value>
        <Coordinates>
          <x0>485</x0>
          <y0>1696</y0>
          <x1>596</x1>
          <y1>1721</y1>
        </Coordinates>
        <OcrConfidence>68</OcrConfidence>
      </Span>
      <Span>
        <Value>your</Value>
        <Coordinates>
          <x0>604</x0>
          <y0>1696</y0>
          <x1>657</x1>
          <y1>1721</y1>
        </Coordinates>
        <OcrConfidence>68</OcrConfidence>
      </Span>
      <Span>
        <Value>revised</Value>
        <Coordinates>
          <x0>664</x0>
          <y0>1696</y0>
          <x1>744</x1>
          <y1>1715</y1>
        </Coordinates>
        <OcrConfidence>68</OcrConfidence>
      </Span>
      <Span>
        <Value>Loan</Value>
        <Coordinates>
          <x0>753</x0>
          <y0>1696</y0>
          <x1>807</x1>
          <y1>1715</y1>
        </Coordinates>
        <OcrConfidence>68</OcrConfidence>
      </Span>
      <Span>
        <Value>Estimate</Value>
        <Coordinates>
          <x0>816</x0>
          <y0>1696</y0>
          <x1>914</x1>
          <y1>1715</y1>
        </Coordinates>
        <OcrConfidence>68</OcrConfidence>
      </Span>
      <Span>
        <Value>or</Value>
        <Coordinates>
          <x0>921</x0>
          <y0>1701</y0>
          <x1>945</x1>
          <y1>1721</y1>
        </Coordinates>
        <OcrConfidence>68</OcrConfidence>
      </Span>
      <Span>
        <Value>your</Value>
        <Coordinates>
          <x0>951</x0>
          <y0>1696</y0>
          <x1>1004</x1>
          <y1>1721</y1>
        </Coordinates>
        <OcrConfidence>68</OcrConfidence>
      </Span>
      <Span>
        <Value>loan</Value>
        <Coordinates>
          <x0>1011</x0>
          <y0>1696</y0>
          <x1>1058</x1>
          <y1>1715</y1>
        </Coordinates>
        <OcrConfidence>68</OcrConfidence>
      </Span>
      <Span>
        <Value>status,</Value>
        <Coordinates>
          <x0>1067</x0>
          <y0>1696</y0>
          <x1>1140</x1>
          <y1>1720</y1>
        </Coordinates>
        <OcrConfidence>68</OcrConfidence>
      </Span>
      <Span>
        <Value>please</Value>
        <Coordinates>
          <x0>1149</x0>
          <y0>1696</y0>
          <x1>1221</x1>
          <y1>1720</y1>
        </Coordinates>
        <OcrConfidence>68</OcrConfidence>
      </Span>
      <Span>
        <Value>call</Value>
        <Coordinates>
          <x0>1229</x0>
          <y0>1696</y0>
          <x1>1264</x1>
          <y1>1715</y1>
        </Coordinates>
        <OcrConfidence>68</OcrConfidence>
      </Span>
      <Span>
        <Value>Keri</Value>
        <Coordinates>
          <x0>118</x0>
          <y0>1726</y0>
          <x1>160</x1>
          <y1>1746</y1>
        </Coordinates>
        <OcrConfidence>89</OcrConfidence>
      </Span>
      <Span>
        <Value>Ann</Value>
        <Coordinates>
          <x0>167</x0>
          <y0>1726</y0>
          <x1>214</x1>
          <y1>1746</y1>
        </Coordinates>
        <OcrConfidence>89</OcrConfidence>
      </Span>
      <Span>
        <Value>McDaniel,</Value>
        <Coordinates>
          <x0>222</x0>
          <y0>1726</y0>
          <x1>335</x1>
          <y1>1749</y1>
        </Coordinates>
        <OcrConfidence>89</OcrConfidence>
      </Span>
      <Span>
        <Value>Lender</Value>
        <Coordinates>
          <x0>343</x0>
          <y0>1726</y0>
          <x1>425</x1>
          <y1>1746</y1>
        </Coordinates>
        <OcrConfidence>89</OcrConfidence>
      </Span>
      <Span>
        <Value>Representative</Value>
        <Coordinates>
          <x0>431</x0>
          <y0>1726</y0>
          <x1>603</x1>
          <y1>1751</y1>
        </Coordinates>
        <OcrConfidence>89</OcrConfidence>
      </Span>
      <Span>
        <Value>at</Value>
        <Coordinates>
          <x0>610</x0>
          <y0>1726</y0>
          <x1>632</x1>
          <y1>1746</y1>
        </Coordinates>
        <OcrConfidence>89</OcrConfidence>
      </Span>
      <Span>
        <Value>727-667-1400.</Value>
        <Coordinates>
          <x0>638</x0>
          <y0>1726</y0>
          <x1>801</x1>
          <y1>1746</y1>
        </Coordinates>
        <OcrConfidence>89</OcrConfidence>
      </Span>
      <Span>
        <Value>Ellie</Value>
        <Coordinates>
          <x0>121</x0>
          <y0>2209</y0>
          <x1>157</x1>
          <y1>2224</y1>
        </Coordinates>
        <OcrConfidence>100</OcrConfidence>
      </Span>
      <Span>
        <Value>Mae,</Value>
        <Coordinates>
          <x0>164</x0>
          <y0>2209</y0>
          <x1>205</x1>
          <y1>2227</y1>
        </Coordinates>
        <OcrConfidence>100</OcrConfidence>
      </Span>
      <Span>
        <Value>Inc.</Value>
        <Coordinates>
          <x0>213</x0>
          <y0>2209</y0>
          <x1>241</x1>
          <y1>2224</y1>
        </Coordinates>
        <OcrConfidence>100</OcrConfidence>
      </Span>
      <Span>
        <Value>GTRIDLECCRJ_S</Value>
        <Coordinates>
          <x0>1367</x0>
          <y0>2211</y0>
          <x1>1515</x1>
          <y1>2228</y1>
        </Coordinates>
        <OcrConfidence>88</OcrConfidence>
      </Span>
      <Span>
        <Value>0518</Value>
        <Coordinates>
          <x0>1539</x0>
          <y0>2211</y0>
          <x1>1584</x1>
          <y1>2225</y1>
        </Coordinates>
        <OcrConfidence>88</OcrConfidence>
      </Span>
      <Span>
        <Value>GTRIDLECCRJS</Value>
        <Coordinates>
          <x0>1392</x0>
          <y0>2234</y0>
          <x1>1526</x1>
          <y1>2253</y1>
        </Coordinates>
        <OcrConfidence>57</OcrConfidence>
      </Span>
      <Span>
        <Value>(POD}</Value>
        <Coordinates>
          <x0>1533</x0>
          <y0>2234</y0>
          <x1>1585</x1>
          <y1>2254</y1>
        </Coordinates>
        <OcrConfidence>57</OcrConfidence>
      </Span>
      <Span>
        <Value>06/20/2019</Value>
        <Coordinates>
          <x0>1351</x0>
          <y0>2259</y0>
          <x1>1456</x1>
          <y1>2275</y1>
        </Coordinates>
        <OcrConfidence>100</OcrConfidence>
      </Span>
      <Span>
        <Value>06:17</Value>
        <Coordinates>
          <x0>1462</x0>
          <y0>2259</y0>
          <x1>1511</x1>
          <y1>2275</y1>
        </Coordinates>
        <OcrConfidence>100</OcrConfidence>
      </Span>
      <Span>
        <Value>AM</Value>
        <Coordinates>
          <x0>1516</x0>
          <y0>2259</y0>
          <x1>1546</x1>
          <y1>2274</y1>
        </Coordinates>
        <OcrConfidence>100</OcrConfidence>
      </Span>
      <Span>
        <Value>PST</Value>
        <Coordinates>
          <x0>1554</x0>
          <y0>2259</y0>
          <x1>1585</x1>
          <y1>2275</y1>
        </Coordinates>
        <OcrConfidence>100</OcrConfidence>
      </Span>
    </Spans>
    <Barcodes />
    <HocrContent>Notice of Change Circumstances Reasons Date ofChange: June 20,2019 Loan Number: PCW1904021579 Borrower(s): Christopher Wetteland Property Address: 1256 Portmoor Way Winter Garden, FL 34787 Lender 1st Financial, Inc. Previously, in connection with your loan application, you were provided a Loan Estimate disclosure that contained an estimate of loan costs and loan terms forthe mortgage loan sought. Forone or more ofthe following reasons indicated below, we are providing you with a revised Loan Estimate. Il Change Circumstance affecting Settlement Charges; El Change Circumstance affecting Eligibility; U You requested changes to the mortgage loan sought that changes the loan costs or the loan terms; ® You have chosen to lock your Rate affecting Interest Rate Dependent charges and terms; U The loan requested is a new home loan construction; U The Loan Estimate has expired; or C] Other: Changed Circumstance Description(s): Locked Loan Comments: Loan file was locked Should you have any questions regarding your revised Loan Estimate or your loan status, please call Keri Ann McDaniel, Lender Representative at 727-667-1400. Ellie Mae, Inc. GTRIDLECCRJ_S 0518 GTRIDLECCRJS (POD} 06/20/2019 06:17 AM PST </HocrContent>
  </HocrPage>
</HocrPages>