<?xml version="1.0" encoding="utf-8"?>
<HocrPages xmlns:xsi="http://www.w3.org/2001/XMLSchema-instance" xmlns:xsd="http://www.w3.org/2001/XMLSchema">
  <Signature>ephesoftdcb156d0c8eb76f84ea390bfe7472104562491c3</Signature>
  <HocrPage>
    <PageID>PG28</PageID>
    <Title>OCR Output</Title>
    <Orientation>0</Orientation>
    <DeskewAngle>0</DeskewAngle>
    <LanguageCode>en</LanguageCode>
    <Corners>
      <Corner>
        <X>0</X>
        <Y>0</Y>
      </Corner>
      <Corner>
        <X>2552</X>
        <Y>0</Y>
      </Corner>
      <Corner>
        <X>2552</X>
        <Y>3612</Y>
      </Corner>
      <Corner>
        <X>0</X>
        <Y>3612</Y>
      </Corner>
    </Corners>
    <Spans>
      <Span>
        <Value>Notice</Value>
        <Coordinates>
          <x0>681</x0>
          <y0>542</y0>
          <x1>803</x1>
          <y1>573</y1>
        </Coordinates>
        <OcrConfidence>98</OcrConfidence>
      </Span>
      <Span>
        <Value>of</Value>
        <Coordinates>
          <x0>816</x0>
          <y0>541</y0>
          <x1>855</x1>
          <y1>573</y1>
        </Coordinates>
        <OcrConfidence>98</OcrConfidence>
      </Span>
      <Span>
        <Value>Change</Value>
        <Coordinates>
          <x0>865</x0>
          <y0>542</y0>
          <x1>1010</x1>
          <y1>582</y1>
        </Coordinates>
        <OcrConfidence>98</OcrConfidence>
      </Span>
      <Span>
        <Value>Circumstances</Value>
        <Coordinates>
          <x0>1022</x0>
          <y0>542</y0>
          <x1>1304</x1>
          <y1>574</y1>
        </Coordinates>
        <OcrConfidence>98</OcrConfidence>
      </Span>
      <Span>
        <Value>Reasons</Value>
        <Coordinates>
          <x0>1316</x0>
          <y0>544</y0>
          <x1>1472</x1>
          <y1>574</y1>
        </Coordinates>
        <OcrConfidence>98</OcrConfidence>
      </Span>
      <Span>
        <Value>Closing</Value>
        <Coordinates>
          <x0>1484</x0>
          <y0>543</y0>
          <x1>1627</x1>
          <y1>583</y1>
        </Coordinates>
        <OcrConfidence>98</OcrConfidence>
      </Span>
      <Span>
        <Value>Disclosure</Value>
        <Coordinates>
          <x0>1641</x0>
          <y0>543</y0>
          <x1>1841</x1>
          <y1>575</y1>
        </Coordinates>
        <OcrConfidence>98</OcrConfidence>
      </Span>
      <Span>
        <Value>Date</Value>
        <Coordinates>
          <x0>421</x0>
          <y0>663</y0>
          <x1>480</x1>
          <y1>687</y1>
        </Coordinates>
        <OcrConfidence>97</OcrConfidence>
      </Span>
      <Span>
        <Value>of</Value>
        <Coordinates>
          <x0>488</x0>
          <y0>663</y0>
          <x1>515</x1>
          <y1>686</y1>
        </Coordinates>
        <OcrConfidence>97</OcrConfidence>
      </Span>
      <Span>
        <Value>Change:</Value>
        <Coordinates>
          <x0>520</x0>
          <y0>664</y0>
          <x1>626</x1>
          <y1>693</y1>
        </Coordinates>
        <OcrConfidence>97</OcrConfidence>
      </Span>
      <Span>
        <Value>June</Value>
        <Coordinates>
          <x0>652</x0>
          <y0>665</y0>
          <x1>718</x1>
          <y1>687</y1>
        </Coordinates>
        <OcrConfidence>97</OcrConfidence>
      </Span>
      <Span>
        <Value>28,</Value>
        <Coordinates>
          <x0>726</x0>
          <y0>667</y0>
          <x1>767</x1>
          <y1>691</y1>
        </Coordinates>
        <OcrConfidence>97</OcrConfidence>
      </Span>
      <Span>
        <Value>2019</Value>
        <Coordinates>
          <x0>777</x0>
          <y0>667</y0>
          <x1>845</x1>
          <y1>688</y1>
        </Coordinates>
        <OcrConfidence>97</OcrConfidence>
      </Span>
      <Span>
        <Value>Loan</Value>
        <Coordinates>
          <x0>1369</x0>
          <y0>666</y0>
          <x1>1428</x1>
          <y1>688</y1>
        </Coordinates>
        <OcrConfidence>98</OcrConfidence>
      </Span>
      <Span>
        <Value>Number:</Value>
        <Coordinates>
          <x0>1438</x0>
          <y0>665</y0>
          <x1>1549</x1>
          <y1>689</y1>
        </Coordinates>
        <OcrConfidence>98</OcrConfidence>
      </Span>
      <Span>
        <Value>PCW1904021579</Value>
        <Coordinates>
          <x0>1572</x0>
          <y0>667</y0>
          <x1>1814</x1>
          <y1>689</y1>
        </Coordinates>
        <OcrConfidence>98</OcrConfidence>
      </Span>
      <Span>
        <Value>Borrower(s):</Value>
        <Coordinates>
          <x0>421</x0>
          <y0>740</y0>
          <x1>574</x1>
          <y1>766</y1>
        </Coordinates>
        <OcrConfidence>97</OcrConfidence>
      </Span>
      <Span>
        <Value>Christopher</Value>
        <Coordinates>
          <x0>593</x0>
          <y0>741</y0>
          <x1>761</x1>
          <y1>770</y1>
        </Coordinates>
        <OcrConfidence>97</OcrConfidence>
      </Span>
      <Span>
        <Value>Wetteland</Value>
        <Coordinates>
          <x0>768</x0>
          <y0>740</y0>
          <x1>914</x1>
          <y1>765</y1>
        </Coordinates>
        <OcrConfidence>97</OcrConfidence>
      </Span>
      <Span>
        <Value>Property</Value>
        <Coordinates>
          <x0>421</x0>
          <y0>969</y0>
          <x1>532</x1>
          <y1>997</y1>
        </Coordinates>
        <OcrConfidence>98</OcrConfidence>
      </Span>
      <Span>
        <Value>Address:</Value>
        <Coordinates>
          <x0>538</x0>
          <y0>968</y0>
          <x1>647</x1>
          <y1>991</y1>
        </Coordinates>
        <OcrConfidence>98</OcrConfidence>
      </Span>
      <Span>
        <Value>1256</Value>
        <Coordinates>
          <x0>673</x0>
          <y0>970</y0>
          <x1>740</x1>
          <y1>991</y1>
        </Coordinates>
        <OcrConfidence>98</OcrConfidence>
      </Span>
      <Span>
        <Value>Portmoor</Value>
        <Coordinates>
          <x0>750</x0>
          <y0>970</y0>
          <x1>886</x1>
          <y1>992</y1>
        </Coordinates>
        <OcrConfidence>98</OcrConfidence>
      </Span>
      <Span>
        <Value>Way</Value>
        <Coordinates>
          <x0>893</x0>
          <y0>970</y0>
          <x1>952</x1>
          <y1>998</y1>
        </Coordinates>
        <OcrConfidence>98</OcrConfidence>
      </Span>
      <Span>
        <Value>Winter</Value>
        <Coordinates>
          <x0>671</x0>
          <y0>1004</y0>
          <x1>767</x1>
          <y1>1027</y1>
        </Coordinates>
        <OcrConfidence>97</OcrConfidence>
      </Span>
      <Span>
        <Value>Garden,</Value>
        <Coordinates>
          <x0>775</x0>
          <y0>1004</y0>
          <x1>887</x1>
          <y1>1030</y1>
        </Coordinates>
        <OcrConfidence>97</OcrConfidence>
      </Span>
      <Span>
        <Value>FL</Value>
        <Coordinates>
          <x0>896</x0>
          <y0>1005</y0>
          <x1>927</x1>
          <y1>1027</y1>
        </Coordinates>
        <OcrConfidence>97</OcrConfidence>
      </Span>
      <Span>
        <Value>34787</Value>
        <Coordinates>
          <x0>935</x0>
          <y0>1006</y0>
          <x1>1019</x1>
          <y1>1027</y1>
        </Coordinates>
        <OcrConfidence>97</OcrConfidence>
      </Span>
      <Span>
        <Value>Lender:</Value>
        <Coordinates>
          <x0>421</x0>
          <y0>1082</y0>
          <x1>516</x1>
          <y1>1106</y1>
        </Coordinates>
        <OcrConfidence>96</OcrConfidence>
      </Span>
      <Span>
        <Value>1st</Value>
        <Coordinates>
          <x0>538</x0>
          <y0>1084</y0>
          <x1>577</x1>
          <y1>1107</y1>
        </Coordinates>
        <OcrConfidence>96</OcrConfidence>
      </Span>
      <Span>
        <Value>Financial,</Value>
        <Coordinates>
          <x0>586</x0>
          <y0>1083</y0>
          <x1>720</x1>
          <y1>1110</y1>
        </Coordinates>
        <OcrConfidence>96</OcrConfidence>
      </Span>
      <Span>
        <Value>Inc.</Value>
        <Coordinates>
          <x0>729</x0>
          <y0>1083</y0>
          <x1>776</x1>
          <y1>1107</y1>
        </Coordinates>
        <OcrConfidence>96</OcrConfidence>
      </Span>
      <Span>
        <Value>Previously,</Value>
        <Coordinates>
          <x0>421</x0>
          <y0>1312</y0>
          <x1>556</x1>
          <y1>1342</y1>
        </Coordinates>
        <OcrConfidence>94</OcrConfidence>
      </Span>
      <Span>
        <Value>in</Value>
        <Coordinates>
          <x0>564</x0>
          <y0>1312</y0>
          <x1>584</x1>
          <y1>1335</y1>
        </Coordinates>
        <OcrConfidence>94</OcrConfidence>
      </Span>
      <Span>
        <Value>connection</Value>
        <Coordinates>
          <x0>592</x0>
          <y0>1313</y0>
          <x1>737</x1>
          <y1>1336</y1>
        </Coordinates>
        <OcrConfidence>94</OcrConfidence>
      </Span>
      <Span>
        <Value>with</Value>
        <Coordinates>
          <x0>744</x0>
          <y0>1312</y0>
          <x1>801</x1>
          <y1>1342</y1>
        </Coordinates>
        <OcrConfidence>94</OcrConfidence>
      </Span>
      <Span>
        <Value>your</Value>
        <Coordinates>
          <x0>808</x0>
          <y0>1313</y0>
          <x1>867</x1>
          <y1>1342</y1>
        </Coordinates>
        <OcrConfidence>94</OcrConfidence>
      </Span>
      <Span>
        <Value>loan</Value>
        <Coordinates>
          <x0>874</x0>
          <y0>1313</y0>
          <x1>927</x1>
          <y1>1336</y1>
        </Coordinates>
        <OcrConfidence>94</OcrConfidence>
      </Span>
      <Span>
        <Value>application,</Value>
        <Coordinates>
          <x0>935</x0>
          <y0>1313</y0>
          <x1>1086</x1>
          <y1>1343</y1>
        </Coordinates>
        <OcrConfidence>94</OcrConfidence>
      </Span>
      <Span>
        <Value>you</Value>
        <Coordinates>
          <x0>1093</x0>
          <y0>1320</y0>
          <x1>1140</x1>
          <y1>1343</y1>
        </Coordinates>
        <OcrConfidence>94</OcrConfidence>
      </Span>
      <Span>
        <Value>were</Value>
        <Coordinates>
          <x0>1146</x0>
          <y0>1313</y0>
          <x1>1209</x1>
          <y1>1336</y1>
        </Coordinates>
        <OcrConfidence>94</OcrConfidence>
      </Span>
      <Span>
        <Value>provided</Value>
        <Coordinates>
          <x0>1217</x0>
          <y0>1313</y0>
          <x1>1331</x1>
          <y1>1343</y1>
        </Coordinates>
        <OcrConfidence>94</OcrConfidence>
      </Span>
      <Span>
        <Value>a</Value>
        <Coordinates>
          <x0>1339</x0>
          <y0>1313</y0>
          <x1>1351</x1>
          <y1>1336</y1>
        </Coordinates>
        <OcrConfidence>94</OcrConfidence>
      </Span>
      <Span>
        <Value>Closing</Value>
        <Coordinates>
          <x0>1359</x0>
          <y0>1313</y0>
          <x1>1452</x1>
          <y1>1343</y1>
        </Coordinates>
        <OcrConfidence>94</OcrConfidence>
      </Span>
      <Span>
        <Value>Disclosure</Value>
        <Coordinates>
          <x0>1461</x0>
          <y0>1314</y0>
          <x1>1591</x1>
          <y1>1337</y1>
        </Coordinates>
        <OcrConfidence>94</OcrConfidence>
      </Span>
      <Span>
        <Value>that</Value>
        <Coordinates>
          <x0>1598</x0>
          <y0>1314</y0>
          <x1>1651</x1>
          <y1>1337</y1>
        </Coordinates>
        <OcrConfidence>94</OcrConfidence>
      </Span>
      <Span>
        <Value>contained</Value>
        <Coordinates>
          <x0>1657</x0>
          <y0>1314</y0>
          <x1>1786</x1>
          <y1>1344</y1>
        </Coordinates>
        <OcrConfidence>94</OcrConfidence>
      </Span>
      <Span>
        <Value>your</Value>
        <Coordinates>
          <x0>1794</x0>
          <y0>1314</y0>
          <x1>1853</x1>
          <y1>1344</y1>
        </Coordinates>
        <OcrConfidence>94</OcrConfidence>
      </Span>
      <Span>
        <Value>loan</Value>
        <Coordinates>
          <x0>1860</x0>
          <y0>1314</y0>
          <x1>1914</x1>
          <y1>1338</y1>
        </Coordinates>
        <OcrConfidence>94</OcrConfidence>
      </Span>
      <Span>
        <Value>costs</Value>
        <Coordinates>
          <x0>1922</x0>
          <y0>1317</y0>
          <x1>1986</x1>
          <y1>1337</y1>
        </Coordinates>
        <OcrConfidence>94</OcrConfidence>
      </Span>
      <Span>
        <Value>and</Value>
        <Coordinates>
          <x0>1992</x0>
          <y0>1314</y0>
          <x1>2040</x1>
          <y1>1337</y1>
        </Coordinates>
        <OcrConfidence>94</OcrConfidence>
      </Span>
      <Span>
        <Value>loan</Value>
        <Coordinates>
          <x0>2049</x0>
          <y0>1314</y0>
          <x1>2101</x1>
          <y1>1337</y1>
        </Coordinates>
        <OcrConfidence>94</OcrConfidence>
      </Span>
      <Span>
        <Value>terms</Value>
        <Coordinates>
          <x0>420</x0>
          <y0>1350</y0>
          <x1>493</x1>
          <y1>1373</y1>
        </Coordinates>
        <OcrConfidence>93</OcrConfidence>
      </Span>
      <Span>
        <Value>for</Value>
        <Coordinates>
          <x0>500</x0>
          <y0>1350</y0>
          <x1>535</x1>
          <y1>1373</y1>
        </Coordinates>
        <OcrConfidence>93</OcrConfidence>
      </Span>
      <Span>
        <Value>the</Value>
        <Coordinates>
          <x0>543</x0>
          <y0>1350</y0>
          <x1>584</x1>
          <y1>1373</y1>
        </Coordinates>
        <OcrConfidence>93</OcrConfidence>
      </Span>
      <Span>
        <Value>mortgage</Value>
        <Coordinates>
          <x0>593</x0>
          <y0>1351</y0>
          <x1>721</x1>
          <y1>1380</y1>
        </Coordinates>
        <OcrConfidence>93</OcrConfidence>
      </Span>
      <Span>
        <Value>loan</Value>
        <Coordinates>
          <x0>729</x0>
          <y0>1351</y0>
          <x1>783</x1>
          <y1>1374</y1>
        </Coordinates>
        <OcrConfidence>93</OcrConfidence>
      </Span>
      <Span>
        <Value>sought.</Value>
        <Coordinates>
          <x0>792</x0>
          <y0>1351</y0>
          <x1>889</x1>
          <y1>1380</y1>
        </Coordinates>
        <OcrConfidence>93</OcrConfidence>
      </Span>
      <Span>
        <Value>For</Value>
        <Coordinates>
          <x0>898</x0>
          <y0>1352</y0>
          <x1>937</x1>
          <y1>1374</y1>
        </Coordinates>
        <OcrConfidence>93</OcrConfidence>
      </Span>
      <Span>
        <Value>one</Value>
        <Coordinates>
          <x0>944</x0>
          <y0>1358</y0>
          <x1>992</x1>
          <y1>1374</y1>
        </Coordinates>
        <OcrConfidence>93</OcrConfidence>
      </Span>
      <Span>
        <Value>or</Value>
        <Coordinates>
          <x0>1000</x0>
          <y0>1358</y0>
          <x1>1027</x1>
          <y1>1374</y1>
        </Coordinates>
        <OcrConfidence>93</OcrConfidence>
      </Span>
      <Span>
        <Value>more</Value>
        <Coordinates>
          <x0>1035</x0>
          <y0>1358</y0>
          <x1>1102</x1>
          <y1>1374</y1>
        </Coordinates>
        <OcrConfidence>93</OcrConfidence>
      </Span>
      <Span>
        <Value>of</Value>
        <Coordinates>
          <x0>1110</x0>
          <y0>1351</y0>
          <x1>1137</x1>
          <y1>1374</y1>
        </Coordinates>
        <OcrConfidence>93</OcrConfidence>
      </Span>
      <Span>
        <Value>the</Value>
        <Coordinates>
          <x0>1143</x0>
          <y0>1351</y0>
          <x1>1184</x1>
          <y1>1374</y1>
        </Coordinates>
        <OcrConfidence>93</OcrConfidence>
      </Span>
      <Span>
        <Value>following</Value>
        <Coordinates>
          <x0>1192</x0>
          <y0>1351</y0>
          <x1>1311</x1>
          <y1>1381</y1>
        </Coordinates>
        <OcrConfidence>93</OcrConfidence>
      </Span>
      <Span>
        <Value>reasons</Value>
        <Coordinates>
          <x0>1321</x0>
          <y0>1351</y0>
          <x1>1417</x1>
          <y1>1375</y1>
        </Coordinates>
        <OcrConfidence>93</OcrConfidence>
      </Span>
      <Span>
        <Value>indicated</Value>
        <Coordinates>
          <x0>1426</x0>
          <y0>1351</y0>
          <x1>1543</x1>
          <y1>1375</y1>
        </Coordinates>
        <OcrConfidence>93</OcrConfidence>
      </Span>
      <Span>
        <Value>below,</Value>
        <Coordinates>
          <x0>1553</x0>
          <y0>1352</y0>
          <x1>1636</x1>
          <y1>1379</y1>
        </Coordinates>
        <OcrConfidence>93</OcrConfidence>
      </Span>
      <Span>
        <Value>we</Value>
        <Coordinates>
          <x0>1644</x0>
          <y0>1359</y0>
          <x1>1682</x1>
          <y1>1375</y1>
        </Coordinates>
        <OcrConfidence>93</OcrConfidence>
      </Span>
      <Span>
        <Value>are</Value>
        <Coordinates>
          <x0>1690</x0>
          <y0>1352</y0>
          <x1>1729</x1>
          <y1>1375</y1>
        </Coordinates>
        <OcrConfidence>93</OcrConfidence>
      </Span>
      <Span>
        <Value>providing</Value>
        <Coordinates>
          <x0>1737</x0>
          <y0>1352</y0>
          <x1>1862</x1>
          <y1>1382</y1>
        </Coordinates>
        <OcrConfidence>93</OcrConfidence>
      </Span>
      <Span>
        <Value>you</Value>
        <Coordinates>
          <x0>1870</x0>
          <y0>1359</y0>
          <x1>1918</x1>
          <y1>1382</y1>
        </Coordinates>
        <OcrConfidence>93</OcrConfidence>
      </Span>
      <Span>
        <Value>with</Value>
        <Coordinates>
          <x0>1926</x0>
          <y0>1352</y0>
          <x1>1981</x1>
          <y1>1375</y1>
        </Coordinates>
        <OcrConfidence>93</OcrConfidence>
      </Span>
      <Span>
        <Value>a</Value>
        <Coordinates>
          <x0>1990</x0>
          <y0>1352</y0>
          <x1>2003</x1>
          <y1>1375</y1>
        </Coordinates>
        <OcrConfidence>93</OcrConfidence>
      </Span>
      <Span>
        <Value>revised</Value>
        <Coordinates>
          <x0>2012</x0>
          <y0>1352</y0>
          <x1>2101</x1>
          <y1>1375</y1>
        </Coordinates>
        <OcrConfidence>93</OcrConfidence>
      </Span>
      <Span>
        <Value>Closing</Value>
        <Coordinates>
          <x0>420</x0>
          <y0>1388</y0>
          <x1>514</x1>
          <y1>1417</y1>
        </Coordinates>
        <OcrConfidence>98</OcrConfidence>
      </Span>
      <Span>
        <Value>Disclosure:</Value>
        <Coordinates>
          <x0>524</x0>
          <y0>1388</y0>
          <x1>660</x1>
          <y1>1412</y1>
        </Coordinates>
        <OcrConfidence>98</OcrConfidence>
      </Span>
      <Span>
        <Value>®</Value>
        <Coordinates>
          <x0>418</x0>
          <y0>1497</y0>
          <x1>449</x1>
          <y1>1526</y1>
        </Coordinates>
        <OcrConfidence>78</OcrConfidence>
      </Span>
      <Span>
        <Value>Change</Value>
        <Coordinates>
          <x0>464</x0>
          <y0>1502</y0>
          <x1>564</x1>
          <y1>1532</y1>
        </Coordinates>
        <OcrConfidence>78</OcrConfidence>
      </Span>
      <Span>
        <Value>Circumstance</Value>
        <Coordinates>
          <x0>571</x0>
          <y0>1502</y0>
          <x1>746</x1>
          <y1>1526</y1>
        </Coordinates>
        <OcrConfidence>78</OcrConfidence>
      </Span>
      <Span>
        <Value>affecting</Value>
        <Coordinates>
          <x0>755</x0>
          <y0>1502</y0>
          <x1>868</x1>
          <y1>1532</y1>
        </Coordinates>
        <OcrConfidence>78</OcrConfidence>
      </Span>
      <Span>
        <Value>Settlement</Value>
        <Coordinates>
          <x0>877</x0>
          <y0>1502</y0>
          <x1>1020</x1>
          <y1>1526</y1>
        </Coordinates>
        <OcrConfidence>78</OcrConfidence>
      </Span>
      <Span>
        <Value>Charges;</Value>
        <Coordinates>
          <x0>1027</x0>
          <y0>1503</y0>
          <x1>1137</x1>
          <y1>1533</y1>
        </Coordinates>
        <OcrConfidence>78</OcrConfidence>
      </Span>
      <Span>
        <Value>Description:</Value>
        <Coordinates>
          <x0>467</x0>
          <y0>1541</y0>
          <x1>619</x1>
          <y1>1570</y1>
        </Coordinates>
        <OcrConfidence>96</OcrConfidence>
      </Span>
      <Span>
        <Value>U</Value>
        <Coordinates>
          <x0>418</x0>
          <y0>1611</y0>
          <x1>449</x1>
          <y1>1640</y1>
        </Coordinates>
        <OcrConfidence>41</OcrConfidence>
      </Span>
      <Span>
        <Value>Change</Value>
        <Coordinates>
          <x0>464</x0>
          <y0>1616</y0>
          <x1>564</x1>
          <y1>1646</y1>
        </Coordinates>
        <OcrConfidence>41</OcrConfidence>
      </Span>
      <Span>
        <Value>Circumstance</Value>
        <Coordinates>
          <x0>572</x0>
          <y0>1616</y0>
          <x1>747</x1>
          <y1>1640</y1>
        </Coordinates>
        <OcrConfidence>41</OcrConfidence>
      </Span>
      <Span>
        <Value>affecting</Value>
        <Coordinates>
          <x0>757</x0>
          <y0>1616</y0>
          <x1>870</x1>
          <y1>1647</y1>
        </Coordinates>
        <OcrConfidence>41</OcrConfidence>
      </Span>
      <Span>
        <Value>Eligibility.</Value>
        <Coordinates>
          <x0>881</x0>
          <y0>1617</y0>
          <x1>1002</x1>
          <y1>1647</y1>
        </Coordinates>
        <OcrConfidence>41</OcrConfidence>
      </Span>
      <Span>
        <Value>A</Value>
        <Coordinates>
          <x0>1010</x0>
          <y0>1616</y0>
          <x1>1028</x1>
          <y1>1640</y1>
        </Coordinates>
        <OcrConfidence>41</OcrConfidence>
      </Span>
      <Span>
        <Value>changed</Value>
        <Coordinates>
          <x0>1037</x0>
          <y0>1617</y0>
          <x1>1150</x1>
          <y1>1647</y1>
        </Coordinates>
        <OcrConfidence>41</OcrConfidence>
      </Span>
      <Span>
        <Value>circumstance</Value>
        <Coordinates>
          <x0>1160</x0>
          <y0>1617</y0>
          <x1>1331</x1>
          <y1>1641</y1>
        </Coordinates>
        <OcrConfidence>41</OcrConfidence>
      </Span>
      <Span>
        <Value>affecting</Value>
        <Coordinates>
          <x0>1340</x0>
          <y0>1618</y0>
          <x1>1452</x1>
          <y1>1647</y1>
        </Coordinates>
        <OcrConfidence>41</OcrConfidence>
      </Span>
      <Span>
        <Value>your</Value>
        <Coordinates>
          <x0>1461</x0>
          <y0>1617</y0>
          <x1>1519</x1>
          <y1>1647</y1>
        </Coordinates>
        <OcrConfidence>41</OcrConfidence>
      </Span>
      <Span>
        <Value>creditworthiness</Value>
        <Coordinates>
          <x0>1527</x0>
          <y0>1618</y0>
          <x1>1745</x1>
          <y1>1641</y1>
        </Coordinates>
        <OcrConfidence>41</OcrConfidence>
      </Span>
      <Span>
        <Value>or</Value>
        <Coordinates>
          <x0>1754</x0>
          <y0>1621</y0>
          <x1>1781</x1>
          <y1>1641</y1>
        </Coordinates>
        <OcrConfidence>41</OcrConfidence>
      </Span>
      <Span>
        <Value>the</Value>
        <Coordinates>
          <x0>1789</x0>
          <y0>1617</y0>
          <x1>1832</x1>
          <y1>1641</y1>
        </Coordinates>
        <OcrConfidence>41</OcrConfidence>
      </Span>
      <Span>
        <Value>value</Value>
        <Coordinates>
          <x0>1840</x0>
          <y0>1618</y0>
          <x1>1909</x1>
          <y1>1641</y1>
        </Coordinates>
        <OcrConfidence>41</OcrConfidence>
      </Span>
      <Span>
        <Value>of</Value>
        <Coordinates>
          <x0>1919</x0>
          <y0>1618</y0>
          <x1>1945</x1>
          <y1>1642</y1>
        </Coordinates>
        <OcrConfidence>41</OcrConfidence>
      </Span>
      <Span>
        <Value>the</Value>
        <Coordinates>
          <x0>1951</x0>
          <y0>1618</y0>
          <x1>1993</x1>
          <y1>1642</y1>
        </Coordinates>
        <OcrConfidence>41</OcrConfidence>
      </Span>
      <Span>
        <Value>security</Value>
        <Coordinates>
          <x0>2002</x0>
          <y0>1620</y0>
          <x1>2103</x1>
          <y1>1648</y1>
        </Coordinates>
        <OcrConfidence>41</OcrConfidence>
      </Span>
      <Span>
        <Value>for</Value>
        <Coordinates>
          <x0>463</x0>
          <y0>1654</y0>
          <x1>499</x1>
          <y1>1677</y1>
        </Coordinates>
        <OcrConfidence>98</OcrConfidence>
      </Span>
      <Span>
        <Value>the</Value>
        <Coordinates>
          <x0>506</x0>
          <y0>1654</y0>
          <x1>548</x1>
          <y1>1677</y1>
        </Coordinates>
        <OcrConfidence>98</OcrConfidence>
      </Span>
      <Span>
        <Value>loan</Value>
        <Coordinates>
          <x0>556</x0>
          <y0>1654</y0>
          <x1>610</x1>
          <y1>1678</y1>
        </Coordinates>
        <OcrConfidence>98</OcrConfidence>
      </Span>
      <Span>
        <Value>changes,</Value>
        <Coordinates>
          <x0>619</x0>
          <y0>1654</y0>
          <x1>732</x1>
          <y1>1684</y1>
        </Coordinates>
        <OcrConfidence>98</OcrConfidence>
      </Span>
      <Span>
        <Value>the</Value>
        <Coordinates>
          <x0>740</x0>
          <y0>1655</y0>
          <x1>782</x1>
          <y1>1678</y1>
        </Coordinates>
        <OcrConfidence>98</OcrConfidence>
      </Span>
      <Span>
        <Value>loan</Value>
        <Coordinates>
          <x0>791</x0>
          <y0>1655</y0>
          <x1>845</x1>
          <y1>1678</y1>
        </Coordinates>
        <OcrConfidence>98</OcrConfidence>
      </Span>
      <Span>
        <Value>costs</Value>
        <Coordinates>
          <x0>855</x0>
          <y0>1658</y0>
          <x1>918</x1>
          <y1>1678</y1>
        </Coordinates>
        <OcrConfidence>98</OcrConfidence>
      </Span>
      <Span>
        <Value>or</Value>
        <Coordinates>
          <x0>926</x0>
          <y0>1658</y0>
          <x1>952</x1>
          <y1>1678</y1>
        </Coordinates>
        <OcrConfidence>98</OcrConfidence>
      </Span>
      <Span>
        <Value>the</Value>
        <Coordinates>
          <x0>959</x0>
          <y0>1655</y0>
          <x1>1002</x1>
          <y1>1678</y1>
        </Coordinates>
        <OcrConfidence>98</OcrConfidence>
      </Span>
      <Span>
        <Value>loan</Value>
        <Coordinates>
          <x0>1010</x0>
          <y0>1655</y0>
          <x1>1064</x1>
          <y1>1678</y1>
        </Coordinates>
        <OcrConfidence>98</OcrConfidence>
      </Span>
      <Span>
        <Value>terms;</Value>
        <Coordinates>
          <x0>1072</x0>
          <y0>1658</y0>
          <x1>1152</x1>
          <y1>1682</y1>
        </Coordinates>
        <OcrConfidence>98</OcrConfidence>
      </Span>
      <Span>
        <Value>Description:</Value>
        <Coordinates>
          <x0>466</x0>
          <y0>1693</y0>
          <x1>619</x1>
          <y1>1721</y1>
        </Coordinates>
        <OcrConfidence>100</OcrConfidence>
      </Span>
      <Span>
        <Value>U</Value>
        <Coordinates>
          <x0>417</x0>
          <y0>1763</y0>
          <x1>448</x1>
          <y1>1792</y1>
        </Coordinates>
        <OcrConfidence>35</OcrConfidence>
      </Span>
      <Span>
        <Value>Revisions</Value>
        <Coordinates>
          <x0>464</x0>
          <y0>1768</y0>
          <x1>582</x1>
          <y1>1791</y1>
        </Coordinates>
        <OcrConfidence>35</OcrConfidence>
      </Span>
      <Span>
        <Value>Requested</Value>
        <Coordinates>
          <x0>592</x0>
          <y0>1769</y0>
          <x1>727</x1>
          <y1>1798</y1>
        </Coordinates>
        <OcrConfidence>35</OcrConfidence>
      </Span>
      <Span>
        <Value>by</Value>
        <Coordinates>
          <x0>737</x0>
          <y0>1769</y0>
          <x1>768</x1>
          <y1>1798</y1>
        </Coordinates>
        <OcrConfidence>35</OcrConfidence>
      </Span>
      <Span>
        <Value>the</Value>
        <Coordinates>
          <x0>775</x0>
          <y0>1768</y0>
          <x1>818</x1>
          <y1>1792</y1>
        </Coordinates>
        <OcrConfidence>35</OcrConfidence>
      </Span>
      <Span>
        <Value>Consumer.</Value>
        <Coordinates>
          <x0>827</x0>
          <y0>1770</y0>
          <x1>963</x1>
          <y1>1792</y1>
        </Coordinates>
        <OcrConfidence>35</OcrConfidence>
      </Span>
      <Span>
        <Value>You</Value>
        <Coordinates>
          <x0>970</x0>
          <y0>1769</y0>
          <x1>1017</x1>
          <y1>1792</y1>
        </Coordinates>
        <OcrConfidence>35</OcrConfidence>
      </Span>
      <Span>
        <Value>requested</Value>
        <Coordinates>
          <x0>1026</x0>
          <y0>1769</y0>
          <x1>1156</x1>
          <y1>1798</y1>
        </Coordinates>
        <OcrConfidence>35</OcrConfidence>
      </Span>
      <Span>
        <Value>changes</Value>
        <Coordinates>
          <x0>1165</x0>
          <y0>1769</y0>
          <x1>1272</x1>
          <y1>1799</y1>
        </Coordinates>
        <OcrConfidence>35</OcrConfidence>
      </Span>
      <Span>
        <Value>to</Value>
        <Coordinates>
          <x0>1280</x0>
          <y0>1772</y0>
          <x1>1307</x1>
          <y1>1793</y1>
        </Coordinates>
        <OcrConfidence>35</OcrConfidence>
      </Span>
      <Span>
        <Value>the</Value>
        <Coordinates>
          <x0>1314</x0>
          <y0>1769</y0>
          <x1>1356</x1>
          <y1>1793</y1>
        </Coordinates>
        <OcrConfidence>35</OcrConfidence>
      </Span>
      <Span>
        <Value>mortgage</Value>
        <Coordinates>
          <x0>1365</x0>
          <y0>1770</y0>
          <x1>1492</x1>
          <y1>1799</y1>
        </Coordinates>
        <OcrConfidence>35</OcrConfidence>
      </Span>
      <Span>
        <Value>loan</Value>
        <Coordinates>
          <x0>1501</x0>
          <y0>1769</y0>
          <x1>1554</x1>
          <y1>1793</y1>
        </Coordinates>
        <OcrConfidence>35</OcrConfidence>
      </Span>
      <Span>
        <Value>sought</Value>
        <Coordinates>
          <x0>1563</x0>
          <y0>1770</y0>
          <x1>1655</x1>
          <y1>1799</y1>
        </Coordinates>
        <OcrConfidence>35</OcrConfidence>
      </Span>
      <Span>
        <Value>that</Value>
        <Coordinates>
          <x0>1662</x0>
          <y0>1770</y0>
          <x1>1715</x1>
          <y1>1793</y1>
        </Coordinates>
        <OcrConfidence>35</OcrConfidence>
      </Span>
      <Span>
        <Value>changes</Value>
        <Coordinates>
          <x0>1723</x0>
          <y0>1770</y0>
          <x1>1831</x1>
          <y1>1799</y1>
        </Coordinates>
        <OcrConfidence>35</OcrConfidence>
      </Span>
      <Span>
        <Value>the</Value>
        <Coordinates>
          <x0>1840</x0>
          <y0>1770</y0>
          <x1>1882</x1>
          <y1>1793</y1>
        </Coordinates>
        <OcrConfidence>35</OcrConfidence>
      </Span>
      <Span>
        <Value>loan</Value>
        <Coordinates>
          <x0>1891</x0>
          <y0>1770</y0>
          <x1>1944</x1>
          <y1>1793</y1>
        </Coordinates>
        <OcrConfidence>35</OcrConfidence>
      </Span>
      <Span>
        <Value>costs</Value>
        <Coordinates>
          <x0>1954</x0>
          <y0>1773</y0>
          <x1>2018</x1>
          <y1>1793</y1>
        </Coordinates>
        <OcrConfidence>35</OcrConfidence>
      </Span>
      <Span>
        <Value>or</Value>
        <Coordinates>
          <x0>2027</x0>
          <y0>1773</y0>
          <x1>2053</x1>
          <y1>1793</y1>
        </Coordinates>
        <OcrConfidence>35</OcrConfidence>
      </Span>
      <Span>
        <Value>the</Value>
        <Coordinates>
          <x0>2061</x0>
          <y0>1771</y0>
          <x1>2101</x1>
          <y1>1793</y1>
        </Coordinates>
        <OcrConfidence>35</OcrConfidence>
      </Span>
      <Span>
        <Value>loan</Value>
        <Coordinates>
          <x0>464</x0>
          <y0>1805</y0>
          <x1>518</x1>
          <y1>1830</y1>
        </Coordinates>
        <OcrConfidence>100</OcrConfidence>
      </Span>
      <Span>
        <Value>terms;</Value>
        <Coordinates>
          <x0>526</x0>
          <y0>1809</y0>
          <x1>605</x1>
          <y1>1834</y1>
        </Coordinates>
        <OcrConfidence>100</OcrConfidence>
      </Span>
      <Span>
        <Value>Description:</Value>
        <Coordinates>
          <x0>466</x0>
          <y0>1846</y0>
          <x1>619</x1>
          <y1>1875</y1>
        </Coordinates>
        <OcrConfidence>100</OcrConfidence>
      </Span>
      <Span>
        <Value>U</Value>
        <Coordinates>
          <x0>417</x0>
          <y0>1915</y0>
          <x1>448</x1>
          <y1>1944</y1>
        </Coordinates>
        <OcrConfidence>30</OcrConfidence>
      </Span>
      <Span>
        <Value>Interest</Value>
        <Coordinates>
          <x0>464</x0>
          <y0>1922</y0>
          <x1>560</x1>
          <y1>1944</y1>
        </Coordinates>
        <OcrConfidence>30</OcrConfidence>
      </Span>
      <Span>
        <Value>Rate</Value>
        <Coordinates>
          <x0>568</x0>
          <y0>1922</y0>
          <x1>624</x1>
          <y1>1944</y1>
        </Coordinates>
        <OcrConfidence>30</OcrConfidence>
      </Span>
      <Span>
        <Value>Dependent</Value>
        <Coordinates>
          <x0>633</x0>
          <y0>1921</y0>
          <x1>780</x1>
          <y1>1951</y1>
        </Coordinates>
        <OcrConfidence>30</OcrConfidence>
      </Span>
      <Span>
        <Value>Charges;</Value>
        <Coordinates>
          <x0>787</x0>
          <y0>1922</y0>
          <x1>897</x1>
          <y1>1951</y1>
        </Coordinates>
        <OcrConfidence>30</OcrConfidence>
      </Span>
      <Span>
        <Value>Description:</Value>
        <Coordinates>
          <x0>466</x0>
          <y0>1960</y0>
          <x1>619</x1>
          <y1>1989</y1>
        </Coordinates>
        <OcrConfidence>78</OcrConfidence>
      </Span>
      <Span>
        <Value>[3</Value>
        <Coordinates>
          <x0>417</x0>
          <y0>2030</y0>
          <x1>448</x1>
          <y1>2060</y1>
        </Coordinates>
        <OcrConfidence>71</OcrConfidence>
      </Span>
      <Span>
        <Value>Rate</Value>
        <Coordinates>
          <x0>464</x0>
          <y0>2036</y0>
          <x1>519</x1>
          <y1>2059</y1>
        </Coordinates>
        <OcrConfidence>71</OcrConfidence>
      </Span>
      <Span>
        <Value>Lock</Value>
        <Coordinates>
          <x0>527</x0>
          <y0>2035</y0>
          <x1>586</x1>
          <y1>2059</y1>
        </Coordinates>
        <OcrConfidence>71</OcrConfidence>
      </Span>
      <Span>
        <Value>Expired;</Value>
        <Coordinates>
          <x0>595</x0>
          <y0>2036</y0>
          <x1>695</x1>
          <y1>2065</y1>
        </Coordinates>
        <OcrConfidence>71</OcrConfidence>
      </Span>
      <Span>
        <Value>Description:</Value>
        <Coordinates>
          <x0>465</x0>
          <y0>2074</y0>
          <x1>618</x1>
          <y1>2103</y1>
        </Coordinates>
        <OcrConfidence>100</OcrConfidence>
      </Span>
      <Span>
        <Value>U</Value>
        <Coordinates>
          <x0>418</x0>
          <y0>2145</y0>
          <x1>449</x1>
          <y1>2174</y1>
        </Coordinates>
        <OcrConfidence>38</OcrConfidence>
      </Span>
      <Span>
        <Value>Other:</Value>
        <Coordinates>
          <x0>462</x0>
          <y0>2148</y0>
          <x1>543</x1>
          <y1>2173</y1>
        </Coordinates>
        <OcrConfidence>38</OcrConfidence>
      </Span>
      <Span>
        <Value>Description:</Value>
        <Coordinates>
          <x0>465</x0>
          <y0>2188</y0>
          <x1>618</x1>
          <y1>2217</y1>
        </Coordinates>
        <OcrConfidence>100</OcrConfidence>
      </Span>
      <Span>
        <Value>Comments:</Value>
        <Coordinates>
          <x0>464</x0>
          <y0>2341</y0>
          <x1>611</x1>
          <y1>2363</y1>
        </Coordinates>
        <OcrConfidence>100</OcrConfidence>
      </Span>
      <Span>
        <Value>Should</Value>
        <Coordinates>
          <x0>418</x0>
          <y0>2492</y0>
          <x1>508</x1>
          <y1>2522</y1>
        </Coordinates>
        <OcrConfidence>25</OcrConfidence>
      </Span>
      <Span>
        <Value>you</Value>
        <Coordinates>
          <x0>516</x0>
          <y0>2492</y0>
          <x1>564</x1>
          <y1>2522</y1>
        </Coordinates>
        <OcrConfidence>25</OcrConfidence>
      </Span>
      <Span>
        <Value>have</Value>
        <Coordinates>
          <x0>573</x0>
          <y0>2492</y0>
          <x1>633</x1>
          <y1>2523</y1>
        </Coordinates>
        <OcrConfidence>25</OcrConfidence>
      </Span>
      <Span>
        <Value>questions</Value>
        <Coordinates>
          <x0>641</x0>
          <y0>2493</y0>
          <x1>766</x1>
          <y1>2524</y1>
        </Coordinates>
        <OcrConfidence>25</OcrConfidence>
      </Span>
      <Span>
        <Value>regarding</Value>
        <Coordinates>
          <x0>775</x0>
          <y0>2493</y0>
          <x1>900</x1>
          <y1>2523</y1>
        </Coordinates>
        <OcrConfidence>25</OcrConfidence>
      </Span>
      <Span>
        <Value>your</Value>
        <Coordinates>
          <x0>909</x0>
          <y0>2494</y0>
          <x1>967</x1>
          <y1>2523</y1>
        </Coordinates>
        <OcrConfidence>25</OcrConfidence>
      </Span>
      <Span>
        <Value>revised</Value>
        <Coordinates>
          <x0>975</x0>
          <y0>2484</y0>
          <x1>1065</x1>
          <y1>2524</y1>
        </Coordinates>
        <OcrConfidence>25</OcrConfidence>
      </Span>
      <Span>
        <Value>Closin#bisclosure</Value>
        <Coordinates>
          <x0>1074</x0>
          <y0>2484</y0>
          <x1>1310</x1>
          <y1>2523</y1>
        </Coordinates>
        <OcrConfidence>25</OcrConfidence>
      </Span>
      <Span>
        <Value>or</Value>
        <Coordinates>
          <x0>1318</x0>
          <y0>2495</y0>
          <x1>1344</x1>
          <y1>2517</y1>
        </Coordinates>
        <OcrConfidence>25</OcrConfidence>
      </Span>
      <Span>
        <Value>the</Value>
        <Coordinates>
          <x0>1352</x0>
          <y0>2493</y0>
          <x1>1394</x1>
          <y1>2525</y1>
        </Coordinates>
        <OcrConfidence>25</OcrConfidence>
      </Span>
      <Span>
        <Value>Closing</Value>
        <Coordinates>
          <x0>1402</x0>
          <y0>2494</y0>
          <x1>1495</x1>
          <y1>2524</y1>
        </Coordinates>
        <OcrConfidence>25</OcrConfidence>
      </Span>
      <Span>
        <Value>Date,</Value>
        <Coordinates>
          <x0>1505</x0>
          <y0>2496</y0>
          <x1>1569</x1>
          <y1>2524</y1>
        </Coordinates>
        <OcrConfidence>25</OcrConfidence>
      </Span>
      <Span>
        <Value>please</Value>
        <Coordinates>
          <x0>1578</x0>
          <y0>2494</y0>
          <x1>1660</x1>
          <y1>2524</y1>
        </Coordinates>
        <OcrConfidence>25</OcrConfidence>
      </Span>
      <Span>
        <Value>call</Value>
        <Coordinates>
          <x0>1668</x0>
          <y0>2495</y0>
          <x1>1708</x1>
          <y1>2518</y1>
        </Coordinates>
        <OcrConfidence>25</OcrConfidence>
      </Span>
      <Span>
        <Value>Keri</Value>
        <Coordinates>
          <x0>419</x0>
          <y0>2546</y0>
          <x1>473</x1>
          <y1>2568</y1>
        </Coordinates>
        <OcrConfidence>45</OcrConfidence>
      </Span>
      <Span>
        <Value>Ann</Value>
        <Coordinates>
          <x0>481</x0>
          <y0>2546</y0>
          <x1>537</x1>
          <y1>2573</y1>
        </Coordinates>
        <OcrConfidence>45</OcrConfidence>
      </Span>
      <Span>
        <Value>McDaniel,</Value>
        <Coordinates>
          <x0>547</x0>
          <y0>2546</y0>
          <x1>685</x1>
          <y1>2572</y1>
        </Coordinates>
        <OcrConfidence>45</OcrConfidence>
      </Span>
      <Span>
        <Value>Lender</Value>
        <Coordinates>
          <x0>695</x0>
          <y0>2547</y0>
          <x1>794</x1>
          <y1>2577</y1>
        </Coordinates>
        <OcrConfidence>45</OcrConfidence>
      </Span>
      <Span>
        <Value>Representative</Value>
        <Coordinates>
          <x0>802</x0>
          <y0>2546</y0>
          <x1>1015</x1>
          <y1>2580</y1>
        </Coordinates>
        <OcrConfidence>45</OcrConfidence>
      </Span>
      <Span>
        <Value>at727-667-1400</Value>
        <Coordinates>
          <x0>1024</x0>
          <y0>2547</y0>
          <x1>1253</x1>
          <y1>2579</y1>
        </Coordinates>
        <OcrConfidence>45</OcrConfidence>
      </Span>
      <Span>
        <Value>/4</Value>
        <Coordinates>
          <x0>935</x0>
          <y0>2620</y0>
          <x1>1003</x1>
          <y1>2663</y1>
        </Coordinates>
        <OcrConfidence>40</OcrConfidence>
      </Span>
      <Span>
        <Value>j</Value>
        <Coordinates>
          <x0>1038</x0>
          <y0>2622</y0>
          <x1>1068</x1>
          <y1>2661</y1>
        </Coordinates>
        <OcrConfidence>40</OcrConfidence>
      </Span>
      <Span>
        <Value>f</Value>
        <Coordinates>
          <x0>1892</x0>
          <y0>2670</y0>
          <x1>1905</x1>
          <y1>2700</y1>
        </Coordinates>
        <OcrConfidence>39</OcrConfidence>
      </Span>
      <Span>
        <Value>1/1</Value>
        <Coordinates>
          <x0>832</x0>
          <y0>2712</y0>
          <x1>896</x1>
          <y1>2736</y1>
        </Coordinates>
        <OcrConfidence>36</OcrConfidence>
      </Span>
      <Span>
        <Value>-</Value>
        <Coordinates>
          <x0>901</x0>
          <y0>2713</y0>
          <x1>928</x1>
          <y1>2724</y1>
        </Coordinates>
        <OcrConfidence>36</OcrConfidence>
      </Span>
      <Span>
        <Value>(k</Value>
        <Coordinates>
          <x0>812</x0>
          <y0>2721</y0>
          <x1>859</x1>
          <y1>2759</y1>
        </Coordinates>
        <OcrConfidence>8</OcrConfidence>
      </Span>
      <Span>
        <Value>Ir</Value>
        <Coordinates>
          <x0>886</x0>
          <y0>2721</y0>
          <x1>920</x1>
          <y1>2756</y1>
        </Coordinates>
        <OcrConfidence>8</OcrConfidence>
      </Span>
      <Span>
        <Value>U</Value>
        <Coordinates>
          <x0>1813</x0>
          <y0>2737</y0>
          <x1>1834</x1>
          <y1>2755</y1>
        </Coordinates>
        <OcrConfidence>48</OcrConfidence>
      </Span>
      <Span>
        <Value>l</Value>
        <Coordinates>
          <x0>1853</x0>
          <y0>2738</y0>
          <x1>1859</x1>
          <y1>2755</y1>
        </Coordinates>
        <OcrConfidence>48</OcrConfidence>
      </Span>
      <Span>
        <Value>CHRISTOPHERWETTELAND</Value>
        <Coordinates>
          <x0>661</x0>
          <y0>2766</y0>
          <x1>1097</x1>
          <y1>2795</y1>
        </Coordinates>
        <OcrConfidence>96</OcrConfidence>
      </Span>
      <Span>
        <Value>DATE</Value>
        <Coordinates>
          <x0>2017</x0>
          <y0>2771</y0>
          <x1>2094</x1>
          <y1>2795</y1>
        </Coordinates>
        <OcrConfidence>100</OcrConfidence>
      </Span>
      <Span>
        <Value>Ellie</Value>
        <Coordinates>
          <x0>417</x0>
          <y0>3356</y0>
          <x1>458</x1>
          <y1>3376</y1>
        </Coordinates>
        <OcrConfidence>100</OcrConfidence>
      </Span>
      <Span>
        <Value>Mae,</Value>
        <Coordinates>
          <x0>465</x0>
          <y0>3358</y0>
          <x1>515</x1>
          <y1>3379</y1>
        </Coordinates>
        <OcrConfidence>100</OcrConfidence>
      </Span>
      <Span>
        <Value>Inc.</Value>
        <Coordinates>
          <x0>522</x0>
          <y0>3358</y0>
          <x1>557</x1>
          <y1>3376</y1>
        </Coordinates>
        <OcrConfidence>100</OcrConfidence>
      </Span>
      <Span>
        <Value>LOODOOCDNCCR</Value>
        <Coordinates>
          <x0>1852</x0>
          <y0>3362</y0>
          <x1>2020</x1>
          <y1>3380</y1>
        </Coordinates>
        <OcrConfidence>33</OcrConfidence>
      </Span>
      <Span>
        <Value>0117</Value>
        <Coordinates>
          <x0>2047</x0>
          <y0>3363</y0>
          <x1>2098</x1>
          <y1>3380</y1>
        </Coordinates>
        <OcrConfidence>33</OcrConfidence>
      </Span>
      <Span>
        <Value>LOODOOCDNCCR</Value>
        <Coordinates>
          <x0>1873</x0>
          <y0>3390</y0>
          <x1>2040</x1>
          <y1>3412</y1>
        </Coordinates>
        <OcrConfidence>35</OcrConfidence>
      </Span>
      <Span>
        <Value>(CLS)</Value>
        <Coordinates>
          <x0>2047</x0>
          <y0>3390</y0>
          <x1>2098</x1>
          <y1>3412</y1>
        </Coordinates>
        <OcrConfidence>35</OcrConfidence>
      </Span>
      <Span>
        <Value>06/28/2019</Value>
        <Coordinates>
          <x0>1830</x0>
          <y0>3419</y0>
          <x1>1950</x1>
          <y1>3438</y1>
        </Coordinates>
        <OcrConfidence>100</OcrConfidence>
      </Span>
      <Span>
        <Value>07:43</Value>
        <Coordinates>
          <x0>1958</x0>
          <y0>3420</y0>
          <x1>2012</x1>
          <y1>3437</y1>
        </Coordinates>
        <OcrConfidence>100</OcrConfidence>
      </Span>
      <Span>
        <Value>AM</Value>
        <Coordinates>
          <x0>2021</x0>
          <y0>3419</y0>
          <x1>2055</x1>
          <y1>3437</y1>
        </Coordinates>
        <OcrConfidence>100</OcrConfidence>
      </Span>
      <Span>
        <Value>PST</Value>
        <Coordinates>
          <x0>2063</x0>
          <y0>3420</y0>
          <x1>2100</x1>
          <y1>3437</y1>
        </Coordinates>
        <OcrConfidence>100</OcrConfidence>
      </Span>
      <Span>
        <Value>R(tit®</Value>
        <Coordinates>
          <x0>1383</x0>
          <y0>3459</y0>
          <x1>1610</x1>
          <y1>3531</y1>
        </Coordinates>
        <OcrConfidence>4</OcrConfidence>
      </Span>
    </Spans>
    <Barcodes />
    <HocrContent>Notice of Change Circumstances Reasons Closing Disclosure Date of Change: June 28, 2019 Loan Number: PCW1904021579 Borrower(s): Christopher Wetteland Property Address: 1256 Portmoor Way Winter Garden, FL 34787 Lender: 1st Financial, Inc. Previously, in connection with your loan application, you were provided a Closing Disclosure that contained your loan costs and loan terms for the mortgage loan sought. For one or more of the following reasons indicated below, we are providing you with a revised Closing Disclosure: ® Change Circumstance affecting Settlement Charges; Description: U Change Circumstance affecting Eligibility. A changed circumstance affecting your creditworthiness or the value of the security for the loan changes, the loan costs or the loan terms; Description: U Revisions Requested by the Consumer. You requested changes to the mortgage loan sought that changes the loan costs or the loan terms; Description: U Interest Rate Dependent Charges; Description: [3 Rate Lock Expired; Description: U Other: Description: Comments: Should you have questions regarding your revised Closin#bisclosure or the Closing Date, please call Keri Ann McDaniel, Lender Representative at727-667-1400 /4 j f 1/1 - (k Ir U l CHRISTOPHERWETTELAND DATE Ellie Mae, Inc. LOODOOCDNCCR 0117 LOODOOCDNCCR (CLS) 06/28/2019 07:43 AM PST R(tit® </HocrContent>
  </HocrPage>
</HocrPages>