<?xml version="1.0" encoding="utf-8"?>
<HocrPages xmlns:xsi="http://www.w3.org/2001/XMLSchema-instance" xmlns:xsd="http://www.w3.org/2001/XMLSchema">
  <Signature>ephesoftf8de2ab561a9f5d9a7f037a41731c2064da456ec</Signature>
  <HocrPage>
    <PageID>PG14</PageID>
    <Title>OCR Output</Title>
    <Orientation>0</Orientation>
    <DeskewAngle>0</DeskewAngle>
    <LanguageCode>en</LanguageCode>
    <Corners>
      <Corner>
        <X>0</X>
        <Y>0</Y>
      </Corner>
      <Corner>
        <X>2709</X>
        <Y>0</Y>
      </Corner>
      <Corner>
        <X>2709</X>
        <Y>3834</Y>
      </Corner>
      <Corner>
        <X>0</X>
        <Y>3834</Y>
      </Corner>
    </Corners>
    <Spans>
      <Span>
        <Value>2865386</Value>
        <Coordinates>
          <x0>2348</x0>
          <y0>603</y0>
          <x1>2475</x1>
          <y1>621</y1>
        </Coordinates>
        <OcrConfidence>100</OcrConfidence>
      </Span>
      <Span>
        <Value>«0]M</Value>
        <Coordinates>
          <x0>902</x0>
          <y0>696</y0>
          <x1>970</x1>
          <y1>715</y1>
        </Coordinates>
        <OcrConfidence>9</OcrConfidence>
      </Span>
      <Span>
        <Value>N</Value>
        <Coordinates>
          <x0>977</x0>
          <y0>696</y0>
          <x1>988</x1>
          <y1>715</y1>
        </Coordinates>
        <OcrConfidence>9</OcrConfidence>
      </Span>
      <Span>
        <Value>Igi</Value>
        <Coordinates>
          <x0>994</x0>
          <y0>696</y0>
          <x1>1023</x1>
          <y1>715</y1>
        </Coordinates>
        <OcrConfidence>9</OcrConfidence>
      </Span>
      <Span>
        <Value>lliVI</Value>
        <Coordinates>
          <x0>1029</x0>
          <y0>696</y0>
          <x1>1072</x1>
          <y1>716</y1>
        </Coordinates>
        <OcrConfidence>9</OcrConfidence>
      </Span>
      <Span>
        <Value>N[O]WIN</Value>
        <Coordinates>
          <x0>1078</x0>
          <y0>696</y0>
          <x1>1173</x1>
          <y1>716</y1>
        </Coordinates>
        <OcrConfidence>9</OcrConfidence>
      </Span>
      <Span>
        <Value>Il</Value>
        <Coordinates>
          <x0>1178</x0>
          <y0>696</y0>
          <x1>1196</x1>
          <y1>715</y1>
        </Coordinates>
        <OcrConfidence>9</OcrConfidence>
      </Span>
      <Span>
        <Value>IM</Value>
        <Coordinates>
          <x0>1203</x0>
          <y0>696</y0>
          <x1>1217</x1>
          <y1>715</y1>
        </Coordinates>
        <OcrConfidence>9</OcrConfidence>
      </Span>
      <Span>
        <Value>DIVJ</Value>
        <Coordinates>
          <x0>1224</x0>
          <y0>696</y0>
          <x1>1270</x1>
          <y1>716</y1>
        </Coordinates>
        <OcrConfidence>9</OcrConfidence>
      </Span>
      <Span>
        <Value>:4</Value>
        <Coordinates>
          <x0>1275</x0>
          <y0>696</y0>
          <x1>1292</x1>
          <y1>716</y1>
        </Coordinates>
        <OcrConfidence>9</OcrConfidence>
      </Span>
      <Span>
        <Value>&amp;7</Value>
        <Coordinates>
          <x0>1297</x0>
          <y0>696</y0>
          <x1>1331</x1>
          <y1>715</y1>
        </Coordinates>
        <OcrConfidence>9</OcrConfidence>
      </Span>
      <Span>
        <Value>ll]</Value>
        <Coordinates>
          <x0>1336</x0>
          <y0>696</y0>
          <x1>1364</x1>
          <y1>715</y1>
        </Coordinates>
        <OcrConfidence>9</OcrConfidence>
      </Span>
      <Span>
        <Value>DIWII</Value>
        <Coordinates>
          <x0>1371</x0>
          <y0>696</y0>
          <x1>1412</x1>
          <y1>716</y1>
        </Coordinates>
        <OcrConfidence>9</OcrConfidence>
      </Span>
      <Span>
        <Value>l</Value>
        <Coordinates>
          <x0>1418</x0>
          <y0>696</y0>
          <x1>1430</x1>
          <y1>715</y1>
        </Coordinates>
        <OcrConfidence>9</OcrConfidence>
      </Span>
      <Span>
        <Value>a</Value>
        <Coordinates>
          <x0>1435</x0>
          <y0>696</y0>
          <x1>1462</x1>
          <y1>716</y1>
        </Coordinates>
        <OcrConfidence>9</OcrConfidence>
      </Span>
      <Span>
        <Value>1</Value>
        <Coordinates>
          <x0>1468</x0>
          <y0>696</y0>
          <x1>1492</x1>
          <y1>715</y1>
        </Coordinates>
        <OcrConfidence>9</OcrConfidence>
      </Span>
      <Span>
        <Value>1!111¢El</Value>
        <Coordinates>
          <x0>1497</x0>
          <y0>696</y0>
          <x1>1611</x1>
          <y1>716</y1>
        </Coordinates>
        <OcrConfidence>9</OcrConfidence>
      </Span>
      <Span>
        <Value>W</Value>
        <Coordinates>
          <x0>1617</x0>
          <y0>696</y0>
          <x1>1632</x1>
          <y1>715</y1>
        </Coordinates>
        <OcrConfidence>9</OcrConfidence>
      </Span>
      <Span>
        <Value>;d</Value>
        <Coordinates>
          <x0>1637</x0>
          <y0>696</y0>
          <x1>1651</x1>
          <y1>715</y1>
        </Coordinates>
        <OcrConfidence>9</OcrConfidence>
      </Span>
      <Span>
        <Value>M</Value>
        <Coordinates>
          <x0>1656</x0>
          <y0>696</y0>
          <x1>1672</x1>
          <y1>715</y1>
        </Coordinates>
        <OcrConfidence>9</OcrConfidence>
      </Span>
      <Span>
        <Value>[In</Value>
        <Coordinates>
          <x0>1677</x0>
          <y0>696</y0>
          <x1>1733</x1>
          <y1>716</y1>
        </Coordinates>
        <OcrConfidence>9</OcrConfidence>
      </Span>
      <Span>
        <Value>l</Value>
        <Coordinates>
          <x0>1739</x0>
          <y0>696</y0>
          <x1>1750</x1>
          <y1>715</y1>
        </Coordinates>
        <OcrConfidence>9</OcrConfidence>
      </Span>
      <Span>
        <Value>[l]F</Value>
        <Coordinates>
          <x0>1756</x0>
          <y0>696</y0>
          <x1>1801</x1>
          <y1>715</y1>
        </Coordinates>
        <OcrConfidence>9</OcrConfidence>
      </Span>
      <Span>
        <Value>Use</Value>
        <Coordinates>
          <x0>232</x0>
          <y0>731</y0>
          <x1>280</x1>
          <y1>752</y1>
        </Coordinates>
        <OcrConfidence>93</OcrConfidence>
      </Span>
      <Span>
        <Value>this</Value>
        <Coordinates>
          <x0>289</x0>
          <y0>731</y0>
          <x1>333</x1>
          <y1>752</y1>
        </Coordinates>
        <OcrConfidence>93</OcrConfidence>
      </Span>
      <Span>
        <Value>continuation</Value>
        <Coordinates>
          <x0>343</x0>
          <y0>731</y0>
          <x1>497</x1>
          <y1>752</y1>
        </Coordinates>
        <OcrConfidence>93</OcrConfidence>
      </Span>
      <Span>
        <Value>sheet</Value>
        <Coordinates>
          <x0>507</x0>
          <y0>732</y0>
          <x1>569</x1>
          <y1>752</y1>
        </Coordinates>
        <OcrConfidence>93</OcrConfidence>
      </Span>
      <Span>
        <Value>if</Value>
        <Coordinates>
          <x0>579</x0>
          <y0>731</y0>
          <x1>598</x1>
          <y1>758</y1>
        </Coordinates>
        <OcrConfidence>93</OcrConfidence>
      </Span>
      <Span>
        <Value>you</Value>
        <Coordinates>
          <x0>604</x0>
          <y0>739</y0>
          <x1>651</x1>
          <y1>758</y1>
        </Coordinates>
        <OcrConfidence>93</OcrConfidence>
      </Span>
      <Span>
        <Value>need</Value>
        <Coordinates>
          <x0>660</x0>
          <y0>732</y0>
          <x1>717</x1>
          <y1>752</y1>
        </Coordinates>
        <OcrConfidence>93</OcrConfidence>
      </Span>
      <Span>
        <Value>Borrower:</Value>
        <Coordinates>
          <x0>796</x0>
          <y0>732</y0>
          <x1>920</x1>
          <y1>752</y1>
        </Coordinates>
        <OcrConfidence>100</OcrConfidence>
      </Span>
      <Span>
        <Value>Agency</Value>
        <Coordinates>
          <x0>1922</x0>
          <y0>732</y0>
          <x1>2018</x1>
          <y1>758</y1>
        </Coordinates>
        <OcrConfidence>98</OcrConfidence>
      </Span>
      <Span>
        <Value>Case</Value>
        <Coordinates>
          <x0>2027</x0>
          <y0>732</y0>
          <x1>2087</x1>
          <y1>752</y1>
        </Coordinates>
        <OcrConfidence>98</OcrConfidence>
      </Span>
      <Span>
        <Value>Number:</Value>
        <Coordinates>
          <x0>2095</x0>
          <y0>732</y0>
          <x1>2202</x1>
          <y1>752</y1>
        </Coordinates>
        <OcrConfidence>98</OcrConfidence>
      </Span>
      <Span>
        <Value>more</Value>
        <Coordinates>
          <x0>233</x0>
          <y0>774</y0>
          <x1>296</x1>
          <y1>787</y1>
        </Coordinates>
        <OcrConfidence>78</OcrConfidence>
      </Span>
      <Span>
        <Value>space</Value>
        <Coordinates>
          <x0>306</x0>
          <y0>770</y0>
          <x1>372</x1>
          <y1>793</y1>
        </Coordinates>
        <OcrConfidence>78</OcrConfidence>
      </Span>
      <Span>
        <Value>to</Value>
        <Coordinates>
          <x0>381</x0>
          <y0>768</y0>
          <x1>405</x1>
          <y1>787</y1>
        </Coordinates>
        <OcrConfidence>78</OcrConfidence>
      </Span>
      <Span>
        <Value>complete</Value>
        <Coordinates>
          <x0>414</x0>
          <y0>767</y0>
          <x1>527</x1>
          <y1>793</y1>
        </Coordinates>
        <OcrConfidence>78</OcrConfidence>
      </Span>
      <Span>
        <Value>the</Value>
        <Coordinates>
          <x0>536</x0>
          <y0>767</y0>
          <x1>573</x1>
          <y1>787</y1>
        </Coordinates>
        <OcrConfidence>78</OcrConfidence>
      </Span>
      <Span>
        <Value>Residential</Value>
        <Coordinates>
          <x0>582</x0>
          <y0>766</y0>
          <x1>721</x1>
          <y1>787</y1>
        </Coordinates>
        <OcrConfidence>78</OcrConfidence>
      </Span>
      <Span>
        <Value>JOCELYN</Value>
        <Coordinates>
          <x0>797</x0>
          <y0>768</y0>
          <x1>926</x1>
          <y1>785</y1>
        </Coordinates>
        <OcrConfidence>99</OcrConfidence>
      </Span>
      <Span>
        <Value>GUEVARA</Value>
        <Coordinates>
          <x0>945</x0>
          <y0>768</y0>
          <x1>1076</x1>
          <y1>785</y1>
        </Coordinates>
        <OcrConfidence>99</OcrConfidence>
      </Span>
      <Span>
        <Value>Loan</Value>
        <Coordinates>
          <x0>233</x0>
          <y0>802</y0>
          <x1>294</x1>
          <y1>824</y1>
        </Coordinates>
        <OcrConfidence>52</OcrConfidence>
      </Span>
      <Span>
        <Value>Application.</Value>
        <Coordinates>
          <x0>306</x0>
          <y0>802</y0>
          <x1>457</x1>
          <y1>828</y1>
        </Coordinates>
        <OcrConfidence>52</OcrConfidence>
      </Span>
      <Span>
        <Value>Mark</Value>
        <Coordinates>
          <x0>466</x0>
          <y0>802</y0>
          <x1>534</x1>
          <y1>822</y1>
        </Coordinates>
        <OcrConfidence>52</OcrConfidence>
      </Span>
      <Span>
        <Value>B</Value>
        <Coordinates>
          <x0>542</x0>
          <y0>802</y0>
          <x1>562</x1>
          <y1>821</y1>
        </Coordinates>
        <OcrConfidence>52</OcrConfidence>
      </Span>
      <Span>
        <Value>for</Value>
        <Coordinates>
          <x0>572</x0>
          <y0>802</y0>
          <x1>608</x1>
          <y1>822</y1>
        </Coordinates>
        <OcrConfidence>52</OcrConfidence>
      </Span>
      <Span>
        <Value>Borrower</Value>
        <Coordinates>
          <x0>616</x0>
          <y0>802</y0>
          <x1>736</x1>
          <y1>822</y1>
        </Coordinates>
        <OcrConfidence>52</OcrConfidence>
      </Span>
      <Span>
        <Value>Co-Borrower:</Value>
        <Coordinates>
          <x0>796</x0>
          <y0>803</y0>
          <x1>966</x1>
          <y1>822</y1>
        </Coordinates>
        <OcrConfidence>52</OcrConfidence>
      </Span>
      <Span>
        <Value>Lender</Value>
        <Coordinates>
          <x0>1922</x0>
          <y0>803</y0>
          <x1>2010</x1>
          <y1>822</y1>
        </Coordinates>
        <OcrConfidence>40</OcrConfidence>
      </Span>
      <Span>
        <Value>Case</Value>
        <Coordinates>
          <x0>2018</x0>
          <y0>803</y0>
          <x1>2077</x1>
          <y1>822</y1>
        </Coordinates>
        <OcrConfidence>40</OcrConfidence>
      </Span>
      <Span>
        <Value>Number:</Value>
        <Coordinates>
          <x0>2087</x0>
          <y0>803</y0>
          <x1>2194</x1>
          <y1>822</y1>
        </Coordinates>
        <OcrConfidence>40</OcrConfidence>
      </Span>
      <Span>
        <Value>or</Value>
        <Coordinates>
          <x0>233</x0>
          <y0>837</y0>
          <x1>258</x1>
          <y1>858</y1>
        </Coordinates>
        <OcrConfidence>88</OcrConfidence>
      </Span>
      <Span>
        <Value>C</Value>
        <Coordinates>
          <x0>268</x0>
          <y0>837</y0>
          <x1>287</x1>
          <y1>858</y1>
        </Coordinates>
        <OcrConfidence>88</OcrConfidence>
      </Span>
      <Span>
        <Value>for</Value>
        <Coordinates>
          <x0>298</x0>
          <y0>837</y0>
          <x1>333</x1>
          <y1>857</y1>
        </Coordinates>
        <OcrConfidence>88</OcrConfidence>
      </Span>
      <Span>
        <Value>Co-Borrower.</Value>
        <Coordinates>
          <x0>342</x0>
          <y0>838</y0>
          <x1>511</x1>
          <y1>857</y1>
        </Coordinates>
        <OcrConfidence>88</OcrConfidence>
      </Span>
      <Span>
        <Value>2865386</Value>
        <Coordinates>
          <x0>1922</x0>
          <y0>838</y0>
          <x1>2049</x1>
          <y1>855</y1>
        </Coordinates>
        <OcrConfidence>100</OcrConfidence>
      </Span>
      <Span>
        <Value>I/We</Value>
        <Coordinates>
          <x0>233</x0>
          <y0>3022</y0>
          <x1>295</x1>
          <y1>3045</y1>
        </Coordinates>
        <OcrConfidence>60</OcrConfidence>
      </Span>
      <Span>
        <Value>fully</Value>
        <Coordinates>
          <x0>307</x0>
          <y0>3022</y0>
          <x1>365</x1>
          <y1>3048</y1>
        </Coordinates>
        <OcrConfidence>60</OcrConfidence>
      </Span>
      <Span>
        <Value>understand</Value>
        <Coordinates>
          <x0>375</x0>
          <y0>3022</y0>
          <x1>518</x1>
          <y1>3043</y1>
        </Coordinates>
        <OcrConfidence>60</OcrConfidence>
      </Span>
      <Span>
        <Value>that</Value>
        <Coordinates>
          <x0>529</x0>
          <y0>3022</y0>
          <x1>576</x1>
          <y1>3043</y1>
        </Coordinates>
        <OcrConfidence>60</OcrConfidence>
      </Span>
      <Span>
        <Value>it</Value>
        <Coordinates>
          <x0>587</x0>
          <y0>3022</y0>
          <x1>604</x1>
          <y1>3043</y1>
        </Coordinates>
        <OcrConfidence>60</OcrConfidence>
      </Span>
      <Span>
        <Value>is</Value>
        <Coordinates>
          <x0>614</x0>
          <y0>3022</y0>
          <x1>634</x1>
          <y1>3043</y1>
        </Coordinates>
        <OcrConfidence>60</OcrConfidence>
      </Span>
      <Span>
        <Value>a</Value>
        <Coordinates>
          <x0>645</x0>
          <y0>3023</y0>
          <x1>659</x1>
          <y1>3043</y1>
        </Coordinates>
        <OcrConfidence>60</OcrConfidence>
      </Span>
      <Span>
        <Value>Federal</Value>
        <Coordinates>
          <x0>669</x0>
          <y0>3023</y0>
          <x1>766</x1>
          <y1>3043</y1>
        </Coordinates>
        <OcrConfidence>60</OcrConfidence>
      </Span>
      <Span>
        <Value>crime</Value>
        <Coordinates>
          <x0>777</x0>
          <y0>3022</y0>
          <x1>848</x1>
          <y1>3043</y1>
        </Coordinates>
        <OcrConfidence>60</OcrConfidence>
      </Span>
      <Span>
        <Value>punishable</Value>
        <Coordinates>
          <x0>860</x0>
          <y0>3022</y0>
          <x1>997</x1>
          <y1>3049</y1>
        </Coordinates>
        <OcrConfidence>60</OcrConfidence>
      </Span>
      <Span>
        <Value>by</Value>
        <Coordinates>
          <x0>1009</x0>
          <y0>3022</y0>
          <x1>1038</x1>
          <y1>3049</y1>
        </Coordinates>
        <OcrConfidence>60</OcrConfidence>
      </Span>
      <Span>
        <Value>fine</Value>
        <Coordinates>
          <x0>1051</x0>
          <y0>3022</y0>
          <x1>1098</x1>
          <y1>3043</y1>
        </Coordinates>
        <OcrConfidence>60</OcrConfidence>
      </Span>
      <Span>
        <Value>or</Value>
        <Coordinates>
          <x0>1111</x0>
          <y0>3022</y0>
          <x1>1137</x1>
          <y1>3047</y1>
        </Coordinates>
        <OcrConfidence>60</OcrConfidence>
      </Span>
      <Span>
        <Value>imprisonment,</Value>
        <Coordinates>
          <x0>1147</x0>
          <y0>3022</y0>
          <x1>1332</x1>
          <y1>3049</y1>
        </Coordinates>
        <OcrConfidence>60</OcrConfidence>
      </Span>
      <Span>
        <Value>or</Value>
        <Coordinates>
          <x0>1345</x0>
          <y0>3023</y0>
          <x1>1371</x1>
          <y1>3045</y1>
        </Coordinates>
        <OcrConfidence>60</OcrConfidence>
      </Span>
      <Span>
        <Value>both,</Value>
        <Coordinates>
          <x0>1382</x0>
          <y0>3023</y0>
          <x1>1444</x1>
          <y1>3047</y1>
        </Coordinates>
        <OcrConfidence>60</OcrConfidence>
      </Span>
      <Span>
        <Value>to</Value>
        <Coordinates>
          <x0>1456</x0>
          <y0>3022</y0>
          <x1>1480</x1>
          <y1>3045</y1>
        </Coordinates>
        <OcrConfidence>60</OcrConfidence>
      </Span>
      <Span>
        <Value>knowingly</Value>
        <Coordinates>
          <x0>1489</x0>
          <y0>3022</y0>
          <x1>1626</x1>
          <y1>3049</y1>
        </Coordinates>
        <OcrConfidence>60</OcrConfidence>
      </Span>
      <Span>
        <Value>make</Value>
        <Coordinates>
          <x0>1638</x0>
          <y0>3022</y0>
          <x1>1705</x1>
          <y1>3047</y1>
        </Coordinates>
        <OcrConfidence>60</OcrConfidence>
      </Span>
      <Span>
        <Value>any</Value>
        <Coordinates>
          <x0>1718</x0>
          <y0>3023</y0>
          <x1>1762</x1>
          <y1>3049</y1>
        </Coordinates>
        <OcrConfidence>60</OcrConfidence>
      </Span>
      <Span>
        <Value>false</Value>
        <Coordinates>
          <x0>1774</x0>
          <y0>3022</y0>
          <x1>1833</x1>
          <y1>3043</y1>
        </Coordinates>
        <OcrConfidence>60</OcrConfidence>
      </Span>
      <Span>
        <Value>statements</Value>
        <Coordinates>
          <x0>1846</x0>
          <y0>3023</y0>
          <x1>1979</x1>
          <y1>3043</y1>
        </Coordinates>
        <OcrConfidence>60</OcrConfidence>
      </Span>
      <Span>
        <Value>concerning</Value>
        <Coordinates>
          <x0>1992</x0>
          <y0>3022</y0>
          <x1>2134</x1>
          <y1>3049</y1>
        </Coordinates>
        <OcrConfidence>60</OcrConfidence>
      </Span>
      <Span>
        <Value>any</Value>
        <Coordinates>
          <x0>2145</x0>
          <y0>3026</y0>
          <x1>2190</x1>
          <y1>3049</y1>
        </Coordinates>
        <OcrConfidence>60</OcrConfidence>
      </Span>
      <Span>
        <Value>of</Value>
        <Coordinates>
          <x0>2201</x0>
          <y0>3022</y0>
          <x1>2228</x1>
          <y1>3043</y1>
        </Coordinates>
        <OcrConfidence>60</OcrConfidence>
      </Span>
      <Span>
        <Value>the</Value>
        <Coordinates>
          <x0>2238</x0>
          <y0>3022</y0>
          <x1>2275</x1>
          <y1>3043</y1>
        </Coordinates>
        <OcrConfidence>60</OcrConfidence>
      </Span>
      <Span>
        <Value>above</Value>
        <Coordinates>
          <x0>2287</x0>
          <y0>3023</y0>
          <x1>2362</x1>
          <y1>3043</y1>
        </Coordinates>
        <OcrConfidence>60</OcrConfidence>
      </Span>
      <Span>
        <Value>facts</Value>
        <Coordinates>
          <x0>2373</x0>
          <y0>3022</y0>
          <x1>2432</x1>
          <y1>3043</y1>
        </Coordinates>
        <OcrConfidence>60</OcrConfidence>
      </Span>
      <Span>
        <Value>as</Value>
        <Coordinates>
          <x0>2445</x0>
          <y0>3030</y0>
          <x1>2468</x1>
          <y1>3043</y1>
        </Coordinates>
        <OcrConfidence>60</OcrConfidence>
      </Span>
      <Span>
        <Value>applicable</Value>
        <Coordinates>
          <x0>233</x0>
          <y0>3058</y0>
          <x1>364</x1>
          <y1>3085</y1>
        </Coordinates>
        <OcrConfidence>51</OcrConfidence>
      </Span>
      <Span>
        <Value>under</Value>
        <Coordinates>
          <x0>374</x0>
          <y0>3059</y0>
          <x1>447</x1>
          <y1>3079</y1>
        </Coordinates>
        <OcrConfidence>51</OcrConfidence>
      </Span>
      <Span>
        <Value>the</Value>
        <Coordinates>
          <x0>458</x0>
          <y0>3059</y0>
          <x1>496</x1>
          <y1>3079</y1>
        </Coordinates>
        <OcrConfidence>51</OcrConfidence>
      </Span>
      <Span>
        <Value>provisions</Value>
        <Coordinates>
          <x0>506</x0>
          <y0>3058</y0>
          <x1>641</x1>
          <y1>3085</y1>
        </Coordinates>
        <OcrConfidence>51</OcrConfidence>
      </Span>
      <Span>
        <Value>of</Value>
        <Coordinates>
          <x0>652</x0>
          <y0>3058</y0>
          <x1>679</x1>
          <y1>3079</y1>
        </Coordinates>
        <OcrConfidence>51</OcrConfidence>
      </Span>
      <Span>
        <Value>Title</Value>
        <Coordinates>
          <x0>689</x0>
          <y0>3058</y0>
          <x1>748</x1>
          <y1>3080</y1>
        </Coordinates>
        <OcrConfidence>51</OcrConfidence>
      </Span>
      <Span>
        <Value>18,</Value>
        <Coordinates>
          <x0>763</x0>
          <y0>3058</y0>
          <x1>797</x1>
          <y1>3081</y1>
        </Coordinates>
        <OcrConfidence>51</OcrConfidence>
      </Span>
      <Span>
        <Value>United</Value>
        <Coordinates>
          <x0>808</x0>
          <y0>3058</y0>
          <x1>896</x1>
          <y1>3079</y1>
        </Coordinates>
        <OcrConfidence>51</OcrConfidence>
      </Span>
      <Span>
        <Value>States</Value>
        <Coordinates>
          <x0>908</x0>
          <y0>3058</y0>
          <x1>982</x1>
          <y1>3080</y1>
        </Coordinates>
        <OcrConfidence>51</OcrConfidence>
      </Span>
      <Span>
        <Value>Code,</Value>
        <Coordinates>
          <x0>994</x0>
          <y0>3058</y0>
          <x1>1066</x1>
          <y1>3082</y1>
        </Coordinates>
        <OcrConfidence>51</OcrConfidence>
      </Span>
      <Span>
        <Value>Section</Value>
        <Coordinates>
          <x0>1079</x0>
          <y0>3058</y0>
          <x1>1174</x1>
          <y1>3080</y1>
        </Coordinates>
        <OcrConfidence>51</OcrConfidence>
      </Span>
      <Span>
        <Value>1001,</Value>
        <Coordinates>
          <x0>1189</x0>
          <y0>3058</y0>
          <x1>1255</x1>
          <y1>3082</y1>
        </Coordinates>
        <OcrConfidence>51</OcrConfidence>
      </Span>
      <Span>
        <Value>et</Value>
        <Coordinates>
          <x0>1268</x0>
          <y0>3061</y0>
          <x1>1291</x1>
          <y1>3082</y1>
        </Coordinates>
        <OcrConfidence>51</OcrConfidence>
      </Span>
      <Span>
        <Value>seq</Value>
        <Coordinates>
          <x0>1303</x0>
          <y0>3064</y0>
          <x1>1340</x1>
          <y1>3085</y1>
        </Coordinates>
        <OcrConfidence>51</OcrConfidence>
      </Span>
      <Span>
        <Value>Borrower's</Value>
        <Coordinates>
          <x0>233</x0>
          <y0>3095</y0>
          <x1>368</x1>
          <y1>3114</y1>
        </Coordinates>
        <OcrConfidence>90</OcrConfidence>
      </Span>
      <Span>
        <Value>Signature</Value>
        <Coordinates>
          <x0>379</x0>
          <y0>3094</y0>
          <x1>495</x1>
          <y1>3121</y1>
        </Coordinates>
        <OcrConfidence>90</OcrConfidence>
      </Span>
      <Span>
        <Value>[)ate</Value>
        <Coordinates>
          <x0>953</x0>
          <y0>3095</y0>
          <x1>1008</x1>
          <y1>3114</y1>
        </Coordinates>
        <OcrConfidence>66</OcrConfidence>
      </Span>
      <Span>
        <Value>Co-Borrower's</Value>
        <Coordinates>
          <x0>1358</x0>
          <y0>3095</y0>
          <x1>1541</x1>
          <y1>3114</y1>
        </Coordinates>
        <OcrConfidence>89</OcrConfidence>
      </Span>
      <Span>
        <Value>Signature</Value>
        <Coordinates>
          <x0>1550</x0>
          <y0>3094</y0>
          <x1>1667</x1>
          <y1>3121</y1>
        </Coordinates>
        <OcrConfidence>89</OcrConfidence>
      </Span>
      <Span>
        <Value>Date</Value>
        <Coordinates>
          <x0>2079</x0>
          <y0>3095</y0>
          <x1>2135</x1>
          <y1>3114</y1>
        </Coordinates>
        <OcrConfidence>100</OcrConfidence>
      </Span>
      <Span>
        <Value></Value>
        <Coordinates>
          <x0>230</x0>
          <y0>3144</y0>
          <x1>257</x1>
          <y1>3207</y1>
        </Coordinates>
        <OcrConfidence>11</OcrConfidence>
      </Span>
      <Span>
        <Value>JOCCUN</Value>
        <Coordinates>
          <x0>295</x0>
          <y0>3144</y0>
          <x1>594</x1>
          <y1>3211</y1>
        </Coordinates>
        <OcrConfidence>11</OcrConfidence>
      </Span>
      <Span>
        <Value>GUEVA,RA</Value>
        <Coordinates>
          <x0>618</x0>
          <y0>3144</y0>
          <x1>941</x1>
          <y1>3206</y1>
        </Coordinates>
        <OcrConfidence>11</OcrConfidence>
      </Span>
      <Span>
        <Value>5/31/2019</Value>
        <Coordinates>
          <x0>969</x0>
          <y0>3174</y0>
          <x1>1149</x1>
          <y1>3204</y1>
        </Coordinates>
        <OcrConfidence>100</OcrConfidence>
      </Span>
      <Span>
        <Value>X</Value>
        <Coordinates>
          <x0>1358</x0>
          <y0>3184</y0>
          <x1>1378</x1>
          <y1>3204</y1>
        </Coordinates>
        <OcrConfidence>100</OcrConfidence>
      </Span>
      <Span>
        <Value>Uniform</Value>
        <Coordinates>
          <x0>226</x0>
          <y0>3267</y0>
          <x1>331</x1>
          <y1>3286</y1>
        </Coordinates>
        <OcrConfidence>17</OcrConfidence>
      </Span>
      <Span>
        <Value>Residential</Value>
        <Coordinates>
          <x0>341</x0>
          <y0>3267</y0>
          <x1>478</x1>
          <y1>3286</y1>
        </Coordinates>
        <OcrConfidence>17</OcrConfidence>
      </Span>
      <Span>
        <Value>Loan</Value>
        <Coordinates>
          <x0>488</x0>
          <y0>3267</y0>
          <x1>550</x1>
          <y1>3287</y1>
        </Coordinates>
        <OcrConfidence>17</OcrConfidence>
      </Span>
      <Span>
        <Value>Application</Value>
        <Coordinates>
          <x0>562</x0>
          <y0>3267</y0>
          <x1>703</x1>
          <y1>3291</y1>
        </Coordinates>
        <OcrConfidence>17</OcrConfidence>
      </Span>
      <Span>
        <Value>Freddie</Value>
        <Coordinates>
          <x0>226</x0>
          <y0>3296</y0>
          <x1>322</x1>
          <y1>3315</y1>
        </Coordinates>
        <OcrConfidence>72</OcrConfidence>
      </Span>
      <Span>
        <Value>Mac</Value>
        <Coordinates>
          <x0>331</x0>
          <y0>3296</y0>
          <x1>384</x1>
          <y1>3315</y1>
        </Coordinates>
        <OcrConfidence>72</OcrConfidence>
      </Span>
      <Span>
        <Value>Form</Value>
        <Coordinates>
          <x0>393</x0>
          <y0>3296</y0>
          <x1>460</x1>
          <y1>3316</y1>
        </Coordinates>
        <OcrConfidence>72</OcrConfidence>
      </Span>
      <Span>
        <Value>65</Value>
        <Coordinates>
          <x0>470</x0>
          <y0>3296</y0>
          <x1>497</x1>
          <y1>3316</y1>
        </Coordinates>
        <OcrConfidence>72</OcrConfidence>
      </Span>
      <Span>
        <Value>7/05</Value>
        <Coordinates>
          <x0>536</x0>
          <y0>3296</y0>
          <x1>585</x1>
          <y1>3319</y1>
        </Coordinates>
        <OcrConfidence>72</OcrConfidence>
      </Span>
      <Span>
        <Value>(rev.</Value>
        <Coordinates>
          <x0>597</x0>
          <y0>3296</y0>
          <x1>652</x1>
          <y1>3319</y1>
        </Coordinates>
        <OcrConfidence>72</OcrConfidence>
      </Span>
      <Span>
        <Value>6/09)</Value>
        <Coordinates>
          <x0>661</x0>
          <y0>3296</y0>
          <x1>720</x1>
          <y1>3319</y1>
        </Coordinates>
        <OcrConfidence>72</OcrConfidence>
      </Span>
      <Span>
        <Value>Fannie</Value>
        <Coordinates>
          <x0>1963</x0>
          <y0>3296</y0>
          <x1>2047</x1>
          <y1>3315</y1>
        </Coordinates>
        <OcrConfidence>61</OcrConfidence>
      </Span>
      <Span>
        <Value>Mae</Value>
        <Coordinates>
          <x0>2055</x0>
          <y0>3297</y0>
          <x1>2110</x1>
          <y1>3315</y1>
        </Coordinates>
        <OcrConfidence>61</OcrConfidence>
      </Span>
      <Span>
        <Value>Form</Value>
        <Coordinates>
          <x0>2118</x0>
          <y0>3297</y0>
          <x1>2187</x1>
          <y1>3315</y1>
        </Coordinates>
        <OcrConfidence>61</OcrConfidence>
      </Span>
      <Span>
        <Value>1003</Value>
        <Coordinates>
          <x0>2197</x0>
          <y0>3296</y0>
          <x1>2254</x1>
          <y1>3316</y1>
        </Coordinates>
        <OcrConfidence>61</OcrConfidence>
      </Span>
      <Span>
        <Value>7/05</Value>
        <Coordinates>
          <x0>2290</x0>
          <y0>3296</y0>
          <x1>2340</x1>
          <y1>3319</y1>
        </Coordinates>
        <OcrConfidence>61</OcrConfidence>
      </Span>
      <Span>
        <Value>(rev.</Value>
        <Coordinates>
          <x0>2352</x0>
          <y0>3296</y0>
          <x1>2407</x1>
          <y1>3319</y1>
        </Coordinates>
        <OcrConfidence>61</OcrConfidence>
      </Span>
      <Span>
        <Value>6/09)</Value>
        <Coordinates>
          <x0>2415</x0>
          <y0>3296</y0>
          <x1>2475</x1>
          <y1>3320</y1>
        </Coordinates>
        <OcrConfidence>61</OcrConfidence>
      </Span>
      <Span>
        <Value>€9</Value>
        <Coordinates>
          <x0>225</x0>
          <y0>3330</y0>
          <x1>272</x1>
          <y1>3351</y1>
        </Coordinates>
        <OcrConfidence>25</OcrConfidence>
      </Span>
      <Span>
        <Value>4193.866</Value>
        <Coordinates>
          <x0>316</x0>
          <y0>3330</y0>
          <x1>430</x1>
          <y1>3351</y1>
        </Coordinates>
        <OcrConfidence>25</OcrConfidence>
      </Span>
      <Span>
        <Value>Page</Value>
        <Coordinates>
          <x0>1258</x0>
          <y0>3331</y0>
          <x1>1317</x1>
          <y1>3357</y1>
        </Coordinates>
        <OcrConfidence>100</OcrConfidence>
      </Span>
      <Span>
        <Value>5</Value>
        <Coordinates>
          <x0>1338</x0>
          <y0>3331</y0>
          <x1>1350</x1>
          <y1>3350</y1>
        </Coordinates>
        <OcrConfidence>100</OcrConfidence>
      </Span>
      <Span>
        <Value>of</Value>
        <Coordinates>
          <x0>1374</x0>
          <y0>3330</y0>
          <x1>1400</x1>
          <y1>3350</y1>
        </Coordinates>
        <OcrConfidence>100</OcrConfidence>
      </Span>
      <Span>
        <Value>5</Value>
        <Coordinates>
          <x0>1422</x0>
          <y0>3331</y0>
          <x1>1434</x1>
          <y1>3350</y1>
        </Coordinates>
        <OcrConfidence>100</OcrConfidence>
      </Span>
      <Span>
        <Value>2865386-9372-5-5</Value>
        <Coordinates>
          <x0>1191</x0>
          <y0>3493</y0>
          <x1>1508</x1>
          <y1>3520</y1>
        </Coordinates>
        <OcrConfidence>87</OcrConfidence>
      </Span>
    </Spans>
    <Barcodes />
    <HocrContent>2865386 «0]M N Igi lliVI N[O]WIN Il IM DIVJ :4 &amp;7 ll] DIWII l a 1 1!111¢El W ;d M [In l [l]F Use this continuation sheet if you need Borrower: Agency Case Number: more space to complete the Residential JOCELYN GUEVARA Loan Application. Mark B for Borrower Co-Borrower: Lender Case Number: or C for Co-Borrower. 2865386 I/We fully understand that it is a Federal crime punishable by fine or imprisonment, or both, to knowingly make any false statements concerning any of the above facts as applicable under the provisions of Title 18, United States Code, Section 1001, et seq Borrower's Signature [)ate Co-Borrower's Signature Date  JOCCUN GUEVA,RA 5/31/2019 X Uniform Residential Loan Application Freddie Mac Form 65 7/05 (rev. 6/09) Fannie Mae Form 1003 7/05 (rev. 6/09) €9 4193.866 Page 5 of 5 2865386-9372-5-5 </HocrContent>
  </HocrPage>
</HocrPages>