<?xml version="1.0" encoding="UTF-8" standalone="yes"?><Batch><BatchInstanceIdentifier>BI11D</BatchInstanceIdentifier><BatchClassIdentifier>BC19</BatchClassIdentifier><BatchClassName>Final_Evolve_47B</BatchClassName><BatchClassDescription>Evolve's Indexing Engine</BatchClassDescription><BatchClassVersion>1.0.0.5</BatchClassVersion><BatchName>BC19_nmishra_2019-09-10_12-43-00</BatchName><BatchDescription>BC19_nmishra_2019-09-10_12-43-00</BatchDescription><BatchPriority>10</BatchPriority><BatchStatus>RUNNING</BatchStatus><BatchReviewedBy>SYSTEM</BatchReviewedBy><BatchValidatedBy>SYSTEM</BatchValidatedBy><BatchCreationDate>2019-09-10 00:44:06.597</BatchCreationDate><BatchLocalPath>\\PPIDXNAS02.MRN3.COM\PPIDX_System\SharedFolders\ephesoft-system-folder</BatchLocalPath><BatchSource>Upload Batch</BatchSource><UNCFolderPath>\\ppidxnas01.mrn3.com\PPIDX_Share\Drop_Folders\47B_Final_Evolve\BC19_nmishra_2019-09-10_12-43-00</UNCFolderPath><ETextMode>Never</ETextMode><Documents><Document><Identifier>DOC0</Identifier><Type>Unknown</Type><Description>Unknown</Description><Confidence>0.0</Confidence><ReviewedBy>SYSTEM</ReviewedBy><ValidatedBy>SYSTEM</ValidatedBy><ErrorMessage></ErrorMessage><DocumentDisplayInfo></DocumentDisplayInfo><Pages><Page><Identifier>PG0</Identifier><OldFileName>1003 1_AM1_coc1-0001-0001.tif</OldFileName><NewFileName>BI11D_0.tif</NewFileName><SourceFileID>1</SourceFileID><Direction>NORTH</Direction><IsRotated>false</IsRotated></Page><Page><Identifier>PG1</Identifier><OldFileName>1003 1_AM1_coc1-0002-0001.tif</OldFileName><NewFileName>BI11D_1.tif</NewFileName><SourceFileID>1</SourceFileID><Direction>NORTH</Direction><IsRotated>false</IsRotated></Page><Page><Identifier>PG2</Identifier><OldFileName>1003 1_AM1_coc1-0003-0001.tif</OldFileName><NewFileName>BI11D_2.tif</NewFileName><SourceFileID>1</SourceFileID><Direction>NORTH</Direction><IsRotated>false</IsRotated></Page><Page><Identifier>PG3</Identifier><OldFileName>1003 1_AM1_coc1-0004-0001.tif</OldFileName><NewFileName>BI11D_3.tif</NewFileName><SourceFileID>1</SourceFileID><Direction>NORTH</Direction><IsRotated>false</IsRotated></Page><Page><Identifier>PG4</Identifier><OldFileName>1003 1_AM1_coc1-0005-0001.tif</OldFileName><NewFileName>BI11D_4.tif</NewFileName><SourceFileID>1</SourceFileID><Direction>NORTH</Direction><IsRotated>false</IsRotated></Page><Page><Identifier>PG5</Identifier><OldFileName>1003 1_AM1_coc1-0006-0001.tif</OldFileName><NewFileName>BI11D_5.tif</NewFileName><SourceFileID>1</SourceFileID><Direction>NORTH</Direction><IsRotated>false</IsRotated></Page><Page><Identifier>PG6</Identifier><OldFileName>1003 1_AM1_coc1-0007-0001.tif</OldFileName><NewFileName>BI11D_6.tif</NewFileName><SourceFileID>1</SourceFileID><Direction>NORTH</Direction><IsRotated>false</IsRotated></Page><Page><Identifier>PG7</Identifier><OldFileName>1003 1_AM1_coc1-0008-0001.tif</OldFileName><NewFileName>BI11D_7.tif</NewFileName><SourceFileID>1</SourceFileID><Direction>NORTH</Direction><IsRotated>false</IsRotated></Page><Page><Identifier>PG8</Identifier><OldFileName>1003 1_AM1_coc1-0009-0001.tif</OldFileName><NewFileName>BI11D_8.tif</NewFileName><SourceFileID>1</SourceFileID><Direction>NORTH</Direction><IsRotated>false</IsRotated></Page><Page><Identifier>PG9</Identifier><OldFileName>1003 1_AM1_coc1-0010-0001.tif</OldFileName><NewFileName>BI11D_9.tif</NewFileName><SourceFileID>1</SourceFileID><Direction>NORTH</Direction><IsRotated>false</IsRotated></Page><Page><Identifier>PG10</Identifier><OldFileName>1003 1_AM1_coc1-0011-0001.tif</OldFileName><NewFileName>BI11D_10.tif</NewFileName><SourceFileID>1</SourceFileID><Direction>NORTH</Direction><IsRotated>false</IsRotated></Page><Page><Identifier>PG11</Identifier><OldFileName>1003 1_AM1_coc1-0012-0001.tif</OldFileName><NewFileName>BI11D_11.tif</NewFileName><SourceFileID>1</SourceFileID><Direction>NORTH</Direction><IsRotated>false</IsRotated></Page><Page><Identifier>PG12</Identifier><OldFileName>1003 1_AM1_coc1-0013-0001.tif</OldFileName><NewFileName>BI11D_12.tif</NewFileName><SourceFileID>1</SourceFileID><Direction>NORTH</Direction><IsRotated>false</IsRotated></Page><Page><Identifier>PG13</Identifier><OldFileName>1003 1_AM1_coc1-0014-0001.tif</OldFileName><NewFileName>BI11D_13.tif</NewFileName><SourceFileID>1</SourceFileID><Direction>NORTH</Direction><IsRotated>false</IsRotated></Page><Page><Identifier>PG14</Identifier><OldFileName>1003 1_AM1_coc1-0015-0001.tif</OldFileName><NewFileName>BI11D_14.tif</NewFileName><SourceFileID>1</SourceFileID><Direction>NORTH</Direction><IsRotated>false</IsRotated></Page><Page><Identifier>PG15</Identifier><OldFileName>1003 1_AM1_coc1-0016-0001.tif</OldFileName><NewFileName>BI11D_15.tif</NewFileName><SourceFileID>1</SourceFileID><Direction>NORTH</Direction><IsRotated>false</IsRotated></Page><Page><Identifier>PG16</Identifier><OldFileName>1003 1_AM1_coc1-0017-0001.tif</OldFileName><NewFileName>BI11D_16.tif</NewFileName><SourceFileID>1</SourceFileID><Direction>NORTH</Direction><IsRotated>false</IsRotated></Page><Page><Identifier>PG17</Identifier><OldFileName>1003 1_AM1_coc1-0018-0001.tif</OldFileName><NewFileName>BI11D_17.tif</NewFileName><SourceFileID>1</SourceFileID><Direction>NORTH</Direction><IsRotated>false</IsRotated></Page><Page><Identifier>PG18</Identifier><OldFileName>1003 1_AM1_coc1-0019-0001.tif</OldFileName><NewFileName>BI11D_18.tif</NewFileName><SourceFileID>1</SourceFileID><Direction>NORTH</Direction><IsRotated>false</IsRotated></Page><Page><Identifier>PG19</Identifier><OldFileName>1003 1_AM1_coc1-0020-0001.tif</OldFileName><NewFileName>BI11D_19.tif</NewFileName><SourceFileID>1</SourceFileID><Direction>NORTH</Direction><IsRotated>false</IsRotated></Page><Page><Identifier>PG20</Identifier><OldFileName>1003 1_AM1_coc1-0021-0001.tif</OldFileName><NewFileName>BI11D_20.tif</NewFileName><SourceFileID>1</SourceFileID><Direction>NORTH</Direction><IsRotated>false</IsRotated></Page><Page><Identifier>PG21</Identifier><OldFileName>1003 1_AM1_coc1-0022-0001.tif</OldFileName><NewFileName>BI11D_21.tif</NewFileName><SourceFileID>1</SourceFileID><Direction>NORTH</Direction><IsRotated>false</IsRotated></Page><Page><Identifier>PG22</Identifier><OldFileName>1003 1_AM1_coc1-0023-0001.tif</OldFileName><NewFileName>BI11D_22.tif</NewFileName><SourceFileID>1</SourceFileID><Direction>NORTH</Direction><IsRotated>false</IsRotated></Page><Page><Identifier>PG23</Identifier><OldFileName>1003 1_AM1_coc1-0024-0001.tif</OldFileName><NewFileName>BI11D_23.tif</NewFileName><SourceFileID>1</SourceFileID><Direction>NORTH</Direction><IsRotated>false</IsRotated></Page><Page><Identifier>PG24</Identifier><OldFileName>1003 1_AM1_coc1-0025-0001.tif</OldFileName><NewFileName>BI11D_24.tif</NewFileName><SourceFileID>1</SourceFileID><Direction>NORTH</Direction><IsRotated>false</IsRotated></Page><Page><Identifier>PG25</Identifier><OldFileName>1003 1_AM1_coc1-0026-0001.tif</OldFileName><NewFileName>BI11D_25.tif</NewFileName><SourceFileID>1</SourceFileID><Direction>NORTH</Direction><IsRotated>false</IsRotated></Page><Page><Identifier>PG26</Identifier><OldFileName>1003 1_AM1_coc1-0027-0001.tif</OldFileName><NewFileName>BI11D_26.tif</NewFileName><SourceFileID>1</SourceFileID><Direction>NORTH</Direction><IsRotated>false</IsRotated></Page><Page><Identifier>PG27</Identifier><OldFileName>1003 1_AM1_coc1-0028-0001.tif</OldFileName><NewFileName>BI11D_27.tif</NewFileName><SourceFileID>1</SourceFileID><Direction>NORTH</Direction><IsRotated>false</IsRotated></Page><Page><Identifier>PG28</Identifier><OldFileName>1003 1_AM1_coc1-0029-0001.tif</OldFileName><NewFileName>BI11D_28.tif</NewFileName><SourceFileID>1</SourceFileID><Direction>NORTH</Direction><IsRotated>false</IsRotated></Page><Page><Identifier>PG29</Identifier><OldFileName>1003 1_AM1_coc1-0030-0001.tif</OldFileName><NewFileName>BI11D_29.tif</NewFileName><SourceFileID>1</SourceFileID><Direction>NORTH</Direction><IsRotated>false</IsRotated></Page></Pages></Document></Documents><BatchLevelFields><BatchLevelField><Name>JobID</Name><Value>1</Value><Type>STRING</Type></BatchLevelField><BatchLevelField><Name>LoanNum</Name><Value>1</Value><Type>STRING</Type></BatchLevelField><BatchLevelField><Name>Priority</Name><Value>1</Value><Type>STRING</Type></BatchLevelField><BatchLevelField><Name>Timestamp</Name><Value>1</Value><Type>STRING</Type></BatchLevelField><BatchLevelField><Name>OriginalImageID</Name><Value>1</Value><Type>STRING</Type></BatchLevelField></BatchLevelFields><SourceFiles><SourceFile><Id>1</Id><SourceFileName>1003 1_AM1_coc1.pdf</SourceFileName><SourceFileSize>1806.28 KB</SourceFileSize></SourceFile></SourceFiles></Batch>