<?xml version="1.0" encoding="UTF-8" standalone="yes"?><Batch><BatchInstanceIdentifier>BI11D</BatchInstanceIdentifier><BatchClassIdentifier>BC19</BatchClassIdentifier><BatchClassName>Final_Evolve_47B</BatchClassName><BatchClassDescription>Evolve's Indexing Engine</BatchClassDescription><BatchClassVersion>1.0.0.5</BatchClassVersion><BatchName>BC19_nmishra_2019-09-10_12-43-00</BatchName><BatchDescription>BC19_nmishra_2019-09-10_12-43-00</BatchDescription><BatchPriority>10</BatchPriority><BatchStatus>RUNNING</BatchStatus><BatchReviewedBy>SYSTEM</BatchReviewedBy><BatchValidatedBy>SYSTEM</BatchValidatedBy><BatchCreationDate>2019-09-10 00:44:06.597</BatchCreationDate><BatchLocalPath>\\PPIDXNAS02.MRN3.COM\PPIDX_System\SharedFolders\ephesoft-system-folder</BatchLocalPath><BatchSource>Upload Batch</BatchSource><UNCFolderPath>\\ppidxnas01.mrn3.com\PPIDX_Share\Drop_Folders\47B_Final_Evolve\BC19_nmishra_2019-09-10_12-43-00</UNCFolderPath><ETextMode>Never</ETextMode><Documents><Document><Identifier>DOC0</Identifier><Type>Unknown</Type><Description>Unknown</Description><Confidence>0.0</Confidence><ReviewedBy>SYSTEM</ReviewedBy><ValidatedBy>SYSTEM</ValidatedBy><ErrorMessage></ErrorMessage><DocumentDisplayInfo></DocumentDisplayInfo><Pages><Page><Identifier>PG0</Identifier><OldFileName>1003 1_AM1_coc1-0001-0001.tif</OldFileName><NewFileName>BI11D_0.tif</NewFileName><SourceFileID>1</SourceFileID><HocrFileName>BI11D_PG0_HOCR.xml</HocrFileName><ThumbnailFileName>BI11D_PG0_displayThumb.png</ThumbnailFileName><DisplayFileName>BI11D_PG0_displayImage.png</DisplayFileName><OCRInputFileName>BI11D_PG0.png</OCRInputFileName><Direction>NORTH</Direction><IsRotated>false</IsRotated></Page><Page><Identifier>PG1</Identifier><OldFileName>1003 1_AM1_coc1-0002-0001.tif</OldFileName><NewFileName>BI11D_1.tif</NewFileName><SourceFileID>1</SourceFileID><HocrFileName>BI11D_PG1_HOCR.xml</HocrFileName><ThumbnailFileName>BI11D_PG1_displayThumb.png</ThumbnailFileName><DisplayFileName>BI11D_PG1_displayImage.png</DisplayFileName><OCRInputFileName>BI11D_PG1.png</OCRInputFileName><Direction>NORTH</Direction><IsRotated>false</IsRotated></Page><Page><Identifier>PG2</Identifier><OldFileName>1003 1_AM1_coc1-0003-0001.tif</OldFileName><NewFileName>BI11D_2.tif</NewFileName><SourceFileID>1</SourceFileID><HocrFileName>BI11D_PG2_HOCR.xml</HocrFileName><ThumbnailFileName>BI11D_PG2_displayThumb.png</ThumbnailFileName><DisplayFileName>BI11D_PG2_displayImage.png</DisplayFileName><OCRInputFileName>BI11D_PG2.png</OCRInputFileName><Direction>NORTH</Direction><IsRotated>false</IsRotated></Page><Page><Identifier>PG3</Identifier><OldFileName>1003 1_AM1_coc1-0004-0001.tif</OldFileName><NewFileName>BI11D_3.tif</NewFileName><SourceFileID>1</SourceFileID><HocrFileName>BI11D_PG3_HOCR.xml</HocrFileName><ThumbnailFileName>BI11D_PG3_displayThumb.png</ThumbnailFileName><DisplayFileName>BI11D_PG3_displayImage.png</DisplayFileName><OCRInputFileName>BI11D_PG3.png</OCRInputFileName><Direction>NORTH</Direction><IsRotated>false</IsRotated></Page><Page><Identifier>PG4</Identifier><OldFileName>1003 1_AM1_coc1-0005-0001.tif</OldFileName><NewFileName>BI11D_4.tif</NewFileName><SourceFileID>1</SourceFileID><HocrFileName>BI11D_PG4_HOCR.xml</HocrFileName><ThumbnailFileName>BI11D_PG4_displayThumb.png</ThumbnailFileName><DisplayFileName>BI11D_PG4_displayImage.png</DisplayFileName><OCRInputFileName>BI11D_PG4.png</OCRInputFileName><Direction>NORTH</Direction><IsRotated>false</IsRotated></Page><Page><Identifier>PG5</Identifier><OldFileName>1003 1_AM1_coc1-0006-0001.tif</OldFileName><NewFileName>BI11D_5.tif</NewFileName><SourceFileID>1</SourceFileID><HocrFileName>BI11D_PG5_HOCR.xml</HocrFileName><ThumbnailFileName>BI11D_PG5_displayThumb.png</ThumbnailFileName><DisplayFileName>BI11D_PG5_displayImage.png</DisplayFileName><OCRInputFileName>BI11D_PG5.png</OCRInputFileName><Direction>NORTH</Direction><IsRotated>false</IsRotated></Page><Page><Identifier>PG6</Identifier><OldFileName>1003 1_AM1_coc1-0007-0001.tif</OldFileName><NewFileName>BI11D_6.tif</NewFileName><SourceFileID>1</SourceFileID><HocrFileName>BI11D_PG6_HOCR.xml</HocrFileName><ThumbnailFileName>BI11D_PG6_displayThumb.png</ThumbnailFileName><DisplayFileName>BI11D_PG6_displayImage.png</DisplayFileName><OCRInputFileName>BI11D_PG6.png</OCRInputFileName><Direction>NORTH</Direction><IsRotated>false</IsRotated></Page><Page><Identifier>PG7</Identifier><OldFileName>1003 1_AM1_coc1-0008-0001.tif</OldFileName><NewFileName>BI11D_7.tif</NewFileName><SourceFileID>1</SourceFileID><HocrFileName>BI11D_PG7_HOCR.xml</HocrFileName><ThumbnailFileName>BI11D_PG7_displayThumb.png</ThumbnailFileName><DisplayFileName>BI11D_PG7_displayImage.png</DisplayFileName><OCRInputFileName>BI11D_PG7.png</OCRInputFileName><Direction>NORTH</Direction><IsRotated>false</IsRotated></Page><Page><Identifier>PG8</Identifier><OldFileName>1003 1_AM1_coc1-0009-0001.tif</OldFileName><NewFileName>BI11D_8.tif</NewFileName><SourceFileID>1</SourceFileID><HocrFileName>BI11D_PG8_HOCR.xml</HocrFileName><ThumbnailFileName>BI11D_PG8_displayThumb.png</ThumbnailFileName><DisplayFileName>BI11D_PG8_displayImage.png</DisplayFileName><OCRInputFileName>BI11D_PG8.png</OCRInputFileName><Direction>NORTH</Direction><IsRotated>false</IsRotated></Page><Page><Identifier>PG9</Identifier><OldFileName>1003 1_AM1_coc1-0010-0001.tif</OldFileName><NewFileName>BI11D_9.tif</NewFileName><SourceFileID>1</SourceFileID><HocrFileName>BI11D_PG9_HOCR.xml</HocrFileName><ThumbnailFileName>BI11D_PG9_displayThumb.png</ThumbnailFileName><DisplayFileName>BI11D_PG9_displayImage.png</DisplayFileName><OCRInputFileName>BI11D_PG9.png</OCRInputFileName><Direction>NORTH</Direction><IsRotated>false</IsRotated></Page><Page><Identifier>PG10</Identifier><OldFileName>1003 1_AM1_coc1-0011-0001.tif</OldFileName><NewFileName>BI11D_10.tif</NewFileName><SourceFileID>1</SourceFileID><HocrFileName>BI11D_PG10_HOCR.xml</HocrFileName><ThumbnailFileName>BI11D_PG10_displayThumb.png</ThumbnailFileName><DisplayFileName>BI11D_PG10_displayImage.png</DisplayFileName><OCRInputFileName>BI11D_PG10.png</OCRInputFileName><Direction>NORTH</Direction><IsRotated>false</IsRotated></Page><Page><Identifier>PG11</Identifier><OldFileName>1003 1_AM1_coc1-0012-0001.tif</OldFileName><NewFileName>BI11D_11.tif</NewFileName><SourceFileID>1</SourceFileID><HocrFileName>BI11D_PG11_HOCR.xml</HocrFileName><ThumbnailFileName>BI11D_PG11_displayThumb.png</ThumbnailFileName><DisplayFileName>BI11D_PG11_displayImage.png</DisplayFileName><OCRInputFileName>BI11D_PG11.png</OCRInputFileName><Direction>NORTH</Direction><IsRotated>false</IsRotated></Page><Page><Identifier>PG12</Identifier><OldFileName>1003 1_AM1_coc1-0013-0001.tif</OldFileName><NewFileName>BI11D_12.tif</NewFileName><SourceFileID>1</SourceFileID><HocrFileName>BI11D_PG12_HOCR.xml</HocrFileName><ThumbnailFileName>BI11D_PG12_displayThumb.png</ThumbnailFileName><DisplayFileName>BI11D_PG12_displayImage.png</DisplayFileName><OCRInputFileName>BI11D_PG12.png</OCRInputFileName><Direction>NORTH</Direction><IsRotated>false</IsRotated></Page><Page><Identifier>PG13</Identifier><OldFileName>1003 1_AM1_coc1-0014-0001.tif</OldFileName><NewFileName>BI11D_13.tif</NewFileName><SourceFileID>1</SourceFileID><HocrFileName>BI11D_PG13_HOCR.xml</HocrFileName><ThumbnailFileName>BI11D_PG13_displayThumb.png</ThumbnailFileName><DisplayFileName>BI11D_PG13_displayImage.png</DisplayFileName><OCRInputFileName>BI11D_PG13.png</OCRInputFileName><Direction>NORTH</Direction><IsRotated>false</IsRotated></Page><Page><Identifier>PG14</Identifier><OldFileName>1003 1_AM1_coc1-0015-0001.tif</OldFileName><NewFileName>BI11D_14.tif</NewFileName><SourceFileID>1</SourceFileID><HocrFileName>BI11D_PG14_HOCR.xml</HocrFileName><ThumbnailFileName>BI11D_PG14_displayThumb.png</ThumbnailFileName><DisplayFileName>BI11D_PG14_displayImage.png</DisplayFileName><OCRInputFileName>BI11D_PG14.png</OCRInputFileName><Direction>NORTH</Direction><IsRotated>false</IsRotated></Page><Page><Identifier>PG15</Identifier><OldFileName>1003 1_AM1_coc1-0016-0001.tif</OldFileName><NewFileName>BI11D_15.tif</NewFileName><SourceFileID>1</SourceFileID><HocrFileName>BI11D_PG15_HOCR.xml</HocrFileName><ThumbnailFileName>BI11D_PG15_displayThumb.png</ThumbnailFileName><DisplayFileName>BI11D_PG15_displayImage.png</DisplayFileName><OCRInputFileName>BI11D_PG15.png</OCRInputFileName><Direction>NORTH</Direction><IsRotated>false</IsRotated></Page><Page><Identifier>PG16</Identifier><OldFileName>1003 1_AM1_coc1-0017-0001.tif</OldFileName><NewFileName>BI11D_16.tif</NewFileName><SourceFileID>1</SourceFileID><HocrFileName>BI11D_PG16_HOCR.xml</HocrFileName><ThumbnailFileName>BI11D_PG16_displayThumb.png</ThumbnailFileName><DisplayFileName>BI11D_PG16_displayImage.png</DisplayFileName><OCRInputFileName>BI11D_PG16.png</OCRInputFileName><Direction>NORTH</Direction><IsRotated>false</IsRotated></Page><Page><Identifier>PG17</Identifier><OldFileName>1003 1_AM1_coc1-0018-0001.tif</OldFileName><NewFileName>BI11D_17.tif</NewFileName><SourceFileID>1</SourceFileID><HocrFileName>BI11D_PG17_HOCR.xml</HocrFileName><ThumbnailFileName>BI11D_PG17_displayThumb.png</ThumbnailFileName><DisplayFileName>BI11D_PG17_displayImage.png</DisplayFileName><OCRInputFileName>BI11D_PG17.png</OCRInputFileName><Direction>NORTH</Direction><IsRotated>false</IsRotated></Page><Page><Identifier>PG18</Identifier><OldFileName>1003 1_AM1_coc1-0019-0001.tif</OldFileName><NewFileName>BI11D_18.tif</NewFileName><SourceFileID>1</SourceFileID><HocrFileName>BI11D_PG18_HOCR.xml</HocrFileName><ThumbnailFileName>BI11D_PG18_displayThumb.png</ThumbnailFileName><DisplayFileName>BI11D_PG18_displayImage.png</DisplayFileName><OCRInputFileName>BI11D_PG18.png</OCRInputFileName><Direction>NORTH</Direction><IsRotated>false</IsRotated></Page><Page><Identifier>PG19</Identifier><OldFileName>1003 1_AM1_coc1-0020-0001.tif</OldFileName><NewFileName>BI11D_19.tif</NewFileName><SourceFileID>1</SourceFileID><HocrFileName>BI11D_PG19_HOCR.xml</HocrFileName><ThumbnailFileName>BI11D_PG19_displayThumb.png</ThumbnailFileName><DisplayFileName>BI11D_PG19_displayImage.png</DisplayFileName><OCRInputFileName>BI11D_PG19.png</OCRInputFileName><Direction>NORTH</Direction><IsRotated>false</IsRotated></Page><Page><Identifier>PG20</Identifier><OldFileName>1003 1_AM1_coc1-0021-0001.tif</OldFileName><NewFileName>BI11D_20.tif</NewFileName><SourceFileID>1</SourceFileID><HocrFileName>BI11D_PG20_HOCR.xml</HocrFileName><ThumbnailFileName>BI11D_PG20_displayThumb.png</ThumbnailFileName><DisplayFileName>BI11D_PG20_displayImage.png</DisplayFileName><OCRInputFileName>BI11D_PG20.png</OCRInputFileName><Direction>NORTH</Direction><IsRotated>false</IsRotated></Page><Page><Identifier>PG21</Identifier><OldFileName>1003 1_AM1_coc1-0022-0001.tif</OldFileName><NewFileName>BI11D_21.tif</NewFileName><SourceFileID>1</SourceFileID><HocrFileName>BI11D_PG21_HOCR.xml</HocrFileName><ThumbnailFileName>BI11D_PG21_displayThumb.png</ThumbnailFileName><DisplayFileName>BI11D_PG21_displayImage.png</DisplayFileName><OCRInputFileName>BI11D_PG21.png</OCRInputFileName><Direction>NORTH</Direction><IsRotated>false</IsRotated></Page><Page><Identifier>PG22</Identifier><OldFileName>1003 1_AM1_coc1-0023-0001.tif</OldFileName><NewFileName>BI11D_22.tif</NewFileName><SourceFileID>1</SourceFileID><HocrFileName>BI11D_PG22_HOCR.xml</HocrFileName><ThumbnailFileName>BI11D_PG22_displayThumb.png</ThumbnailFileName><DisplayFileName>BI11D_PG22_displayImage.png</DisplayFileName><OCRInputFileName>BI11D_PG22.png</OCRInputFileName><Direction>NORTH</Direction><IsRotated>false</IsRotated></Page><Page><Identifier>PG23</Identifier><OldFileName>1003 1_AM1_coc1-0024-0001.tif</OldFileName><NewFileName>BI11D_23.tif</NewFileName><SourceFileID>1</SourceFileID><HocrFileName>BI11D_PG23_HOCR.xml</HocrFileName><ThumbnailFileName>BI11D_PG23_displayThumb.png</ThumbnailFileName><DisplayFileName>BI11D_PG23_displayImage.png</DisplayFileName><OCRInputFileName>BI11D_PG23.png</OCRInputFileName><Direction>NORTH</Direction><IsRotated>false</IsRotated></Page><Page><Identifier>PG24</Identifier><OldFileName>1003 1_AM1_coc1-0025-0001.tif</OldFileName><NewFileName>BI11D_24.tif</NewFileName><SourceFileID>1</SourceFileID><HocrFileName>BI11D_PG24_HOCR.xml</HocrFileName><ThumbnailFileName>BI11D_PG24_displayThumb.png</ThumbnailFileName><DisplayFileName>BI11D_PG24_displayImage.png</DisplayFileName><OCRInputFileName>BI11D_PG24.png</OCRInputFileName><Direction>NORTH</Direction><IsRotated>false</IsRotated></Page><Page><Identifier>PG25</Identifier><OldFileName>1003 1_AM1_coc1-0026-0001.tif</OldFileName><NewFileName>BI11D_25.tif</NewFileName><SourceFileID>1</SourceFileID><HocrFileName>BI11D_PG25_HOCR.xml</HocrFileName><ThumbnailFileName>BI11D_PG25_displayThumb.png</ThumbnailFileName><DisplayFileName>BI11D_PG25_displayImage.png</DisplayFileName><OCRInputFileName>BI11D_PG25.png</OCRInputFileName><Direction>NORTH</Direction><IsRotated>false</IsRotated></Page><Page><Identifier>PG26</Identifier><OldFileName>1003 1_AM1_coc1-0027-0001.tif</OldFileName><NewFileName>BI11D_26.tif</NewFileName><SourceFileID>1</SourceFileID><HocrFileName>BI11D_PG26_HOCR.xml</HocrFileName><ThumbnailFileName>BI11D_PG26_displayThumb.png</ThumbnailFileName><DisplayFileName>BI11D_PG26_displayImage.png</DisplayFileName><OCRInputFileName>BI11D_PG26.png</OCRInputFileName><Direction>NORTH</Direction><IsRotated>false</IsRotated></Page><Page><Identifier>PG27</Identifier><OldFileName>1003 1_AM1_coc1-0028-0001.tif</OldFileName><NewFileName>BI11D_27.tif</NewFileName><SourceFileID>1</SourceFileID><HocrFileName>BI11D_PG27_HOCR.xml</HocrFileName><ThumbnailFileName>BI11D_PG27_displayThumb.png</ThumbnailFileName><DisplayFileName>BI11D_PG27_displayImage.png</DisplayFileName><OCRInputFileName>BI11D_PG27.png</OCRInputFileName><Direction>NORTH</Direction><IsRotated>false</IsRotated></Page><Page><Identifier>PG28</Identifier><OldFileName>1003 1_AM1_coc1-0029-0001.tif</OldFileName><NewFileName>BI11D_28.tif</NewFileName><SourceFileID>1</SourceFileID><HocrFileName>BI11D_PG28_HOCR.xml</HocrFileName><ThumbnailFileName>BI11D_PG28_displayThumb.png</ThumbnailFileName><DisplayFileName>BI11D_PG28_displayImage.png</DisplayFileName><OCRInputFileName>BI11D_PG28.png</OCRInputFileName><Direction>NORTH</Direction><IsRotated>false</IsRotated></Page><Page><Identifier>PG29</Identifier><OldFileName>1003 1_AM1_coc1-0030-0001.tif</OldFileName><NewFileName>BI11D_29.tif</NewFileName><SourceFileID>1</SourceFileID><HocrFileName>BI11D_PG29_HOCR.xml</HocrFileName><ThumbnailFileName>BI11D_PG29_displayThumb.png</ThumbnailFileName><DisplayFileName>BI11D_PG29_displayImage.png</DisplayFileName><OCRInputFileName>BI11D_PG29.png</OCRInputFileName><Direction>NORTH</Direction><IsRotated>false</IsRotated></Page></Pages></Document></Documents><BatchLevelFields><BatchLevelField><Name>JobID</Name><Value>1</Value><Type>STRING</Type></BatchLevelField><BatchLevelField><Name>LoanNum</Name><Value>1</Value><Type>STRING</Type></BatchLevelField><BatchLevelField><Name>Priority</Name><Value>1</Value><Type>STRING</Type></BatchLevelField><BatchLevelField><Name>Timestamp</Name><Value>1</Value><Type>STRING</Type></BatchLevelField><BatchLevelField><Name>OriginalImageID</Name><Value>1</Value><Type>STRING</Type></BatchLevelField></BatchLevelFields><SourceFiles><SourceFile><Id>1</Id><SourceFileName>1003 1_AM1_coc1.pdf</SourceFileName><SourceFileSize>1806.28 KB</SourceFileSize></SourceFile></SourceFiles></Batch>